a,PHARMACY NAME:,PerfectionRx,,,,,,,,,,,,,,,,,,,
,LOG CODE:,PRx - STRL - L6.1.1.0,,,,,,,,,,,,,,IMPLEMENTATION DATE:,,1-May-26,,,
,REVISION NUMBER:,2.0.0,,,,,,,,,,,,,,TERMINATION DATE:,,00-MMM-YY,,,
Key:,( - ) same as ( @ ),formatting purposes,,,,,,,,,,,,,,,,,,,
STERILE PRODUCTION LOG,,,,,,,,,,,,,,,,,,,,,
,,,,,,,,,,,,,,,,,,,,,
Date Compounded,PK Batch LOT ID,FORMULA ID,Formula Name,Strength,Unit Volume (mL),Fill Volume (mL),Theoretical Yield (Units) [includes overage],Actual Yield (Units),Sent for Testing (Units),Compounded/Filled By…,RPh PV1/ RPh PV2-Release,PK Batch Record,Lab Submitted To,Expected Release Date,Testing Status,Testing CofA,Date Approved for Released,Total Count Released,Returned for Destruction,CAPA,Comments
6/17/2026,06172026-4,372,Tirzepatide/Cyanocobalamin Inj Soln,30mg/1mg per mL,3,3.4,265,250,200,Carlos Alvarez de la Vega,Alyssa Vrana,Lot06172026-4.pdf,Pharmetric,6/26/2026,Passed,"372 - Lot 06172026-4 Method Suitability - Pharmetric 372 - Lot 06172026-4 Potency, Sterility, Endotoxin - Pharmetric",N/A (Method Suitability Batch),N/A,N/A,,"Initial Batch for Full Testing (CCIT, MST,BE,ST,PA)"
6/19/2026,06192026-4,375,Tirzepatide/Glycine Inj Soln,30mg/1mg per mL,3,3.4,265,250,200,Dania (Jett) Serrano,Gina Jackson,Lot06192026-4.pdf,Pharmetric,6/30/2026,Passed,"375 - Lot 06192026-4 Method Suitability - Pharmetric 375 - Lot 06192026-4 Sterility, Endotoxin, Potency - Pharmetric",N/A (Method Suitability Batch),N/A,N/A,,"Initial Batch for Full Testing (CCIT, MST,BE,ST,PA)"
7/7/2026,07072026-1,375,Tirzepatide/Glycine Inj Soln,30mg/1mg per mL,3,3.4,265,250,200,Alan Torralbo,Alyssa Vrana,Lot07072026-1.pdf,Pharmetric,7/20/2026,Passed,375 - Lot 06192026-4 Method Suitability Scan RDI - Miraxis,N/A (Initial Testing Batch),N/A,N/A,,"Initial Batch for Full Testing (CCIT, MST,BE,ST,PA)"
7/21/2026,07212026-2,398,Tirzepatide/Cyanocobalamin Inj Soln,5mg/0.5mg per mL,2,2.3,260,240,225,Devin Phillips,Alyssa Vrana,LOT07212026-2.pdf,Miraxis ,,Passed,,,,,,Stability study with Miraxis
7/22/2026,07222026-01,397,Semaglutide/Glycine Inj Soln,10mg/0.5mg/mL,1,1.5,260,240,,Alan Torralbo,Alyssa Vrana,Lot07222026-01.pdf,Miraxis ,,Passed,,N/A,208,,,Stability study with Miraxis
7/23/2026,07232026-01,400,Tirzepatide/Glycine Inj Soln,5mg/0.5mg per mL,2,2.3,260,240,,Raynaldine Narcisse,Alyssa Vrana,LOT07232026-01.pdf,Miraxis ,,Passed,,,,,,Stability study with Miraxis
7/24/2026,07242026-01,398,Tirzepatide/Cyanocobalamin Inj Soln,5mg/0.5mg per mL,2,2.3,260,250,15,Jett Serrano/ Raynaldine Narcisse,Gina Jackson/Alyssa Vrana,Lot07242026-01.pdf,Pharmetric,7/29/2026,Passed,LOT 07242026-01 COA,7/30/2026,235,,,
7/24/2026,07242026-02,400,Tirzepatide/Glycine Inj Soln,5mg/0.5mg per mL,2,2.3,260,227,15,Alan Torralbo/ Raynaldine Narcisse,Gina Jackson/Alyssa Vrana,Lot07242026-02.pdf,Pharmetric,7/29/2026,Passed,LOT 07242026-02 COA,7/30/2026,212,,,
7/24/2026,07242026-03,398,Tirzepatide/Cyanocobalamin Inj Soln,5mg/0.5mg per mL,2,2.3,260,241,15,Jett Serrano/ Andre Stuart,Gina Jackson/Alyssa Vrana,Lot07242026-03.pdf,Pharmetric,7/29/2026,Passed,LOT 07242026-03 COA,7/30/2026,226,,,
7/27/2026,07272026-01,401,Tirzepatide/Cyanocobalamin Inj Soln,30mg/0.5mg per mL,2,2.3,260,245,15,Jett Serrano/ Alan Torralbo,Alyssa Vrana/,Lot07272026-01.pdf,Pharmetric,08/01/2026,Rejected,,,0,245,,Rejected by QA team. Unable to identify origin of extra vials on tray
7/27/2026,07272026-02,401,Tirzepatide/Cyanocobalamin Inj Soln,30mg/0.5mg per mL,2,2.3,260,246,15,Jett Serrano/  Alan Torralbo,Alyssa Vrana/Alyssa Vrana,Lot07272026-02.pdf,Pharmetric,08/01/2026,Passed,LOT07272026-02 COA,8/3/2026,231,,,
7/27/2026,07272026-03,402,Tirzepatide/Glycine Inj Soln,30mg/0.5mg per mL,2,2.3,260,240,15,Devin Phillips/ Alan Torralbo,Alyssa Vrana/Alyssa Vrana,Lot07272026-03.pdf,Pharmetric,08/01/2026,Passed,LOT07272026-03 COA,8/3/2026,223,,,
7/27/2026,07272026-04,402,Tirzepatide/Glycine Inj Soln,30mg/0.5mg per mL,2,2.3,260,250,15,Devin Phillips/ Andre Stuart,Gina Jackson/Alyssa Vrana,Lot07272026-04.pdf,Pharmetric,08/01/2026,Passed,LOT07272026-04 COA,8/3/2026,235,,,
7/28/2026,07282026-01,401,Tirzepatide/Cyanocobalamin Inj Soln,30mg/0.5mg per mL,2,2.3,260,225,15,Jett Serrano/  Alan Torralbo,Gina Jackson/Alyssa Vrana,Lot07282026-01.pdf,Pharmetric,08/02/2026,Passed,LOT07282026-01 COA,8/3/2026,210,,,
7/28/2026,07282026-02,401,Tirzepatide/Cyanocobalamin Inj Soln,30mg/0.5mg per mL,2,2.3,260,243,15,Jett Serrano/ Raynaldine Narcisse,Gina Jackson/Alyssa Vrana,Lot07282026-02.pdf,Pharmetric,08/02/2026,Passed,LOT07282026-02 COA,8/3/2026,228,,,
7/28/2026,07282026-03,402,Tirzepatide/Glycine Inj Soln,30mg/0.5mg per mL,2,2.3,260,231,15,Jett Serrano/ Raynaldine Narcisse,Gina Jackson/Alyssa Vrana,Lot07282026-03.pdf,Pharmetric,08/02/2026,Passed,LOT07282026-03 COA.PDF,8/4/2026,215,,,
7/28/2026,07282026-04,402,Tirzepatide/Glycine Inj Soln,30mg/0.5mg per mL,2,2.3,260,244,15,Jett Serrano/ Raynaldine Narcisse,Gina Jackson/Alyssa Vrana,Lot07282026-04.pdf,Pharmetric,08/02/2026,Passed,LOT07282026-04 COA.PDF,8/4/2026,229,,,
7/28/2026,07282026-05,402,Tirzepatide/Glycine Inj Soln,30mg/0.5mg per mL,2,2.3,260,249,15,Jett Serrano/ Raynaldine Narcisse,Gina Jackson/Alyssa Vrana,Lot07282026-05.pdf,Pharmetric,08/02/2026,Passed,LOT07282026-05 COA.PDF,8/4/2026,234,,,
7/28/2026,07282026-06,401,Tirzepatide/Cyanocobalamin Inj Soln,30mg/0.5mg per mL,2,2.3,260,250,15,Jett Serrano/ Andre Stuart,Gina Jackson/Alyssa Vrana,Lot07282026-06.pdf,Pharmetric,08/02/2026,Passed,LOT07282026-06 COA,8/4/2026,235,,,
7/29/2026,07292026-01,398,Tirzepatide/Cyanocobalamin Inj Soln,5mg/0.5mg per mL,2,2.3,260,163,15,Jett Serrano/ Andre Stuart,Alyssa Vrana,LOT07292026-01.pdf,Pharmetric,08/03/2026,Rejected,LOT07292026-01 COA,N/A,0,163,,Overfilled Vials
7/29/2026,07292026-02,398,Tirzepatide/Cyanocobalamin Inj Soln,5mg/0.5mg per mL,2,2.3,260,245,15,Jett Serrano/ Andre Stuart,Alyssa Vrana /YIsel Cabrera,LOT07292026-02.pdf,Pharmetric,08/03/2026,Passed,LOT07292026-02 COA,8/4/2026,230,0,,
7/29/2026,07292026-03,398,Tirzepatide/Cyanocobalamin Inj Soln,5mg/0.5mg per mL,2,2.3,260,250,15,Jett Serrano/ Andre Stuart,Alyssa Vrana /YIsel Cabrera,LOT07292026-03.pdf,Pharmetric,08/03/2026,Passed,LOT07292026-03 COA,8/4/2026,235,0,,
7/29/2026,07292026-04,400,Tirzepatide/Glycine Inj Soln,5mg/0.5mg per mL,2,2.3,260,249,15,Alan Torralbo / Andre Stuart,Alyssa Vrana /YIsel Cabrera,LOT07292026-04.pdf,Pharmetric,08/03/2026,Passed,LOT07292026-04 COA.PDF,8/4/2026,234,0,,
7/29/2026,07292026-05,400,Tirzepatide/Glycine Inj Soln,5mg/0.5mg per mL,2,2.3,260,250,15,Alan Torralbo / Andre Stuart,Alyssa Vrana /YIsel Cabrera,LOT07292026-05.pdf,Pharmetric,08/03/2026,Passed,LOT07292026-05 COA.PDF,8/4/2026,235,192,08/11,
7/29/2026,07292026-06,400,Tirzepatide/Glycine Inj Soln,5mg/0.5mg per mL,2,2.3,260,238,15,Alan Torralbo / Andre Stuart,Alyssa Vrana /YIsel Cabrera,LOT07292026-06.pdf,Pharmetric,08/03/2026,Passed,LOT07292026-06 COA.PDF,8/4/2026,223,219,08/11,
7/30/2026,07302026-01,398,Tirzepatide/Cyanocobalamin Inj Soln,5mg/0.5mg per mL,2,2.3,260,218,15,Jett Serrano/  Alan Torralbo,Alyssa Vrana /YIsel Cabrera,https://drive.google.com/file/d/1bCYbEXOjzqpGxZww0Ah4AT9xWNsPnJ35/view?usp=drive_link,Pharmetric,08/04/2026,Passed,LOT07302026-01 COA,8/5/2026,203,0,,
7/30/2026,07302026-02,398,Tirzepatide/Cyanocobalamin Inj Soln,5mg/0.5mg per mL,2,2.3,260,218,15,Jett Serrano/  Alan Torralbo,Alyssa Vrana /YIsel Cabrera,PK BATCH LOG - LOT07302026-02.pdf,Pharmetric,08/04/2026,Passed,LOT07302026-02 COA,8/5/2026,203,130,08/11,
7/30/2026,07302026-03,398,Tirzepatide/Cyanocobalamin Inj Soln,5mg/0.5mg per mL,2,2.3,260,248,15,Jett Serrano/  Alan Torralbo,Alyssa Vrana /YIsel Cabrera,PK BATCH LOG - LOT07302026-03.pdf,Pharmetric,08/04/2026,Passed,LOT07302026-03 COA,8/5/2026,233,28,08/11,
7/30/2026,07302026-04,400,Tirzepatide/Glycine Inj Soln,5mg/0.5mg per mL,2,2.3,260,250,15,Devin Phillips,Alyssa Vrana,,Pharmetric,08/04/2026,Rejected,N/A,N/A,0,250,,"Rejected due to precipitates forming on IV bag, evidence of poor mixing"
7/30/2026,07302026-05,400,Tirzepatide/Glycine Inj Soln,5mg/0.5mg per mL,2,2.3,260,230,15,Devin Phillips/ Alan Torralbo,Alyssa Vrana /YIsel Cabrera,PK BATCH LOG - LOT07302026-05.pdf,Pharmetric,08/04/2026,Passed,LOT07302026-05 COA,8/5/2026,215,201,08/11,
7/30/2026,07302026-06,400,Tirzepatide/Glycine Inj Soln,5mg/0.5mg per mL,2,2.3,260,244,15,Devin Phillips/ Alan Torralbo,Alyssa Vrana /YIsel Cabrera,PK BATCH LOG - LOT07302026-06.pdf,Pharmetric,08/04/2026,Passed,LOT07302026-06 COA,8/5/2026,229,213,08/11,
7/31/2026,07312026-01,401,Tirzepatide/Cyanocobalamin Inj Soln,30mg/0.5mg per mL,2,2.3,260,247,15,Jett Serrano/  Alan Torralbo,Alyssa Vrana /YIsel Cabrera,PK BATCH LOG - LOT07312026-01.pdf,Pharmetric,08/05/2026,Passed,LOT07312026-01 COA,8/6/2026,232,,,
7/31/2026,07312026-02,401,Tirzepatide/Cyanocobalamin Inj Soln,30mg/0.5mg per mL,2,2.3,260,248,15,Jett Serrano/  Alan Torralbo,Alyssa Vrana/,PK batch log - LOT07312026-02.pdf,Pharmetric,08/08/2026,Passed,LOT07312026-02 COA,8/10/2026,233,,,
7/31/2026,07312026-03,402,Tirzepatide/Glycine Inj Soln,30mg/0.5mg per mL,2,2.3,260,249,15,Jett Serrano/  Alan Torralbo,Alyssa Vrana/,PK batch log - LOT07312026-03.pdf,Pharmetric,08/11/2026,Passed,https://drive.google.com/file/d/1iVs8gqx5Fse6Hof4kfY4DpkD1sLkTS7v/view?usp=drive_link,8/12/2026,224,,,
7/31/2026,07312026-04,402,Tirzepatide/Glycine Inj Soln,30mg/0.5mg per mL,2,2.3,260,250,15,Jett Serrano/  Alan Torralbo,Alyssa Vrana/,PK batch log - LOT07312026-04.pdf,Pharmetric,08/05/2026,Passed,Lot07312026-04 COA,8/12/2026,235,,,
8/3/2026,08032026-01,407,Tirzepatide/Cyanocobalamin Inj Soln,20mg/0.5mg per mL,2,2.3,260,236,15,Devin Phillips/ Alan Torralbo,Alyssa Vrana/ Gina Jackson,PK batch log - LOT08032026-01.pdf,Pharmetric,08/08/2026,Passed,LOT08032026-01 COA,8/10/2026,221,,,
8/3/2026,08032026-02,407,Tirzepatide/Cyanocobalamin Inj Soln,20mg/0.5mg per mL,2,2.3,260,250,15,Devin Phillips/ Alan Torralbo,Alyssa Vrana/ Gina Jackson,PK batch log - LOT08032026-02.pdf,Pharmetric,08/08/2026,Passed,LOT08032026-02 COA,8/10/2026,235,,,
8/3/2026,08032026-03,406,Tirzepatide/Glycine Inj Soln,20mg/0.5mg per mL,2,2.3,260,249,15,Jett Serrano/  Alan Torralbo,Alyssa Vrana/Gina Jackson,PK batch log - LOT08032026-03.pdf,Pharmetric,08/08/2026,Passed,Lot08032026-03 COA,8/12/2026,234,,,
8/3/2026,08032026-04,406,Tirzepatide/Glycine Inj Soln,20mg/0.5mg per mL,2,2.3,260,234,15,Jett Serrano/  Alan Torralbo,Alyssa Vrana/Gina Jackson,PK batch log - LOT08032026-04.pdf,Pharmetric,08/08/2026,Passed,Lot08032026-04 COA,8/12/2026,219,,,
8/3/2026,08032026-05,407,Tirzepatide/Cyanocobalamin Inj Soln,20mg/0.5mg per mL,2,2.3,260,237,15,Devin Phillips/ Alan Torralbo,Alyssa Vrana/ Gina Jackson,PK batch log - LOT08032026-05.pdf,Pharmetric,08/08/2026,Passed,LOT08032026-05 COA,8/10/2026,222,,,
8/3/2026,08032026-06,406,Tirzepatide/Glycine Inj Soln,20mg/0.5mg per mL,2,2.3,260,236,15,Jett Serrano/  Alan Torralbo,Alyssa Vrana/Gina Jackson,PK batch log - LOT08032026-06.pdf,Pharmetric,08/08/2026,Passed,LOT08032026-06 COA-Temp.png,8/12/2026,221,,,
8/4/2026,08042026-01,409,Tirzepatide/Cyanocobalamin Inj Soln,10mg/0.5mg per mL,2,2.3,260,250,15,Devin Phillips/ Alan Torralbo,Alyssa Vrana/Gina Jackson,PK BATCH LOG - LOT08042026-01.pdf,Pharmetric,08/10/2026,Passed,LOT08042026-01 COA,8/11/2026,235,,,
8/4/2026,08042026-02,409,Tirzepatide/Cyanocobalamin Inj Soln,10mg/0.5mg per mL,2,2.3,260,227,15,Devin Phillips/ Alan Torralbo,Alyssa Vrana/Gina Jackson,PK batch log - LOT08042026-02.pdf,Pharmetric,08/10/2026,Passed,LOT08042026-02 COA,8/11/2026,212,,,
8/4/2026,08042026-03,409,Tirzepatide/Cyanocobalamin Inj Soln,10mg/0.5mg per mL,2,2.3,260,239,15,Devin Phillips/ Alan Torralbo,Alyssa Vrana/Gina Jackson,PK batch log - LOT08042026-03.pdf,Pharmetric,08/10/2026,Passed,LOT08042026-03 COA,8/11/2026,224,,,
8/4/2026,08042026-04,408,Tirzepatide/Glycine Inj Soln,10mg/0.5mg per mL,2,2.3,260,233,15,Jett Serrano/  Alan Torralbo,Alyssa Vrana/Gina Jackson,PK BATCH LOG - LOT08042026-04.pdf,Miraxis ,08/10/2026,Passed,LOT08042026-04 COA,8/13/2026,217,,,
8/4/2026,08042026-05,408,Tirzepatide/Glycine Inj Soln,10mg/0.5mg per mL,2,2.3,260,234,16,Jett Serrano/  Alan Torralbo,Alyssa Vrana/Gina Jackson,PK batch log - LOT08042026-05.pdf,Pharmetric,08/10/2026,Passed,LOT08042026-05 COA-Temp.png,8/13/2026,218,,,
8/4/2026,08042026-06,408,Tirzepatide/Glycine Inj Soln,10mg/0.5mg per mL,2,2.3,260,242,16,Jett Serrano/  Alan Torralbo,Alyssa Vrana/Gina Jackson,PK BATCH LOG - LOT08042026-06.pdf,Pharmetric,08/10/2026,Passed,LOT08042026-06 COA-Temp.png,8/13/2026,226,,,
8/5/2026,08052026-01,405,Tirzepatide/Cyanocobalamin Inj Soln,15mg/0.5mg per mL,2,2.3,260,250,15,Devin Phillips/ Alan Torralbo,Alyssa Vrana/,,Pharmetric,08/11/2026,Rejected,LOT08052026-01 COA - FAILED,N/A,0,235,,Rejected - B12 Underpotent
8/5/2026,08052026-02,405,Tirzepatide/Cyanocobalamin Inj Soln,15mg/0.5mg per mL,2,2.3,260,250,15,Devin Phillips/ Alan Torralbo,Alyssa Vrana/Gina Jackson,PK batch log - LOT08052026-02.pdf,Pharmetric,08/11/2026,Passed,LOT08052026-02 COA,8/11/2026,234,,,
8/5/2026,08052026-03,405,Tirzepatide/Cyanocobalamin Inj Soln,15mg/0.5mg per mL,2,2.3,260,250,15,Devin Phillips/ Alan Torralbo,Alyssa Vrana/Gina Jackson,PK batch log - LOT08052026-03.pdf,Pharmetric,08/11/2026,Passed,LOT08052026-03 COA,8/11/2026,235,,,
8/5/2026,08052026-04,404,Tirzepatide/Glycine Inj Soln,15mg/0.5mg per mL,2,2.3,260,250,20,Devin Phillips/ Alan Torralbo,Alyssa Vrana/Gina Jackson,PK batch log - LOT08052026-04.pdf,Pharmetric,08/11/2026,Passed,LOT08052026-04 COA,8/12/2026,147,,,testing for particulates
8/5/2026,08052026-05,404,Tirzepatide/Glycine Inj Soln,15mg/0.5mg per mL,2,2.3,260,245,20,Devin Phillips/ Alan Torralbo,Alyssa Vrana/Gina Jackson,PK batch log - LOT08052026-05.pdf,Pharmetric,08/11/2026,Passed,LOT08052026-05 COA,8/12/2026,192,,,testing for particulates
8/5/2026,08052026-06,404,Tirzepatide/Glycine Inj Soln,15mg/0.5mg per mL,2,2.3,260,250,20,Devin Phillips/ Alan Torralbo,Alyssa Vrana/Gina Jackson,PK batch log - LOT08052026-06.pdf,Pharmetric,08/11/2026,Passed,LOT08052026-06 COA,8/12/2026,192,,,testing for particulates
8/6/2026,08062026-01,411,Tirzepatide/Cyanocobalamin Inj Soln,25mg/0.5mg per mL,2,2.3,260,250,15,Jett Serrano/  Alan Torralbo,Alyssa Vrana/Gina Jackson,PK BATCH LOG - LOT08062026-01.pdf,Pharmetric,08/11/2026,Passed,LOT08062026-01 COA,8/13/2026,234,,,
8/6/2026,08062026-02,411,Tirzepatide/Cyanocobalamin Inj Soln,25mg/0.5mg per mL,2,2.3,260,241,15,Jett Serrano/  Alan Torralbo,Alyssa Vrana/Gina Jackson,PK BATCH LOG - LOT08062026-02.pdf,Pharmetric,08/11/2026,Passed,LOT08062026-02 COA,8/13/2026,226,,,
8/6/2026,08062026-03,401,Tirzepatide/Cyanocobalamin Inj Soln,30mg/0.5mg per mL,2,2.3,260,240,15,Jett Serrano/  Alan Torralbo,Alyssa Vrana/Gina Jackson,PK BATCH LOG - LOT08062026-03.pdf,Pharmetric,08/11/2026,Passed,LOT08062026-03 COA,8/13/2026,225,,,
8/6/2026,08062026-04,410,Tirzepatide/Glycine Inj Soln,25mg/0.5mg per mL,2,2.3,260,242,16,Jett Serrano/  Alan Torralbo,Alyssa Vrana/Gina Jackson,PK batch log - LOT08062026-04.pdf,Pharmetric,08/11/2026,Passed,LOT08062026-04 COA,8/13/2026,,,,
8/6/2026,08062026-05,410,Tirzepatide/Glycine Inj Soln,25mg/0.5mg per mL,2,2.3,260,242,16,Jett Serrano/  Alan Torralbo,Alyssa Vrana/Gina Jackson,PK batch log - LOT08062026-05.pdf,Pharmetric,08/11/2026,Passed,LOT08062026-05 COA,8/13/2026,214,,,
8/6/2026,08062026-06,402,Tirzepatide/Glycine Inj Soln,30mg/0.5mg per mL,2,2.3,260,250,16,Raynaldine Narcisse/  Alan Torralbo,Alyssa Vrana/Gina Jackson,PK batch log - LOT08062026-06.pdf,Pharmetric,08/11/2026,Passed,LOT08062026-06 COA-Temp.png,8/13/2026,227,,,
8/7/2026,08072026-01,409,Tirzepatide/Cyanocobalamin Inj Soln,10mg/0.5mg per mL,2,2.3,260,249,15,Devin Phillips/ Andre Stuart,Alyssa Vrana/Gina Jackson,PK BATCH LOG - LOT08072026-01.pdf,Pharmetric,08/12/2026,Passed,LOT08072026-01 COA,8/13/2026,234,,,
8/7/2026,08072026-02,409,Tirzepatide/Cyanocobalamin Inj Soln,10mg/0.5mg per mL,2,2.3,260,245,15,Devin Phillips/ Andre Stuart,Alyssa Vrana/Gina Jackson,PK BATCH LOG - LOT08072026-02.pdf,Pharmetric,08/12/2026,Passed,LOT08072026-02 COA,8/13/2026,230,,,
8/7/2026,08072026-03,409,Tirzepatide/Cyanocobalamin Inj Soln,10mg/0.5mg per mL,2,2.3,260,242,15,Devin Phillips/ Andre Stuart,Alyssa Vrana/Gina Jackson,PK batch log - LOT08072026-03.pdf,Pharmetric,08/12/2026,Passed,LOT08072026-03 COA,8/13/2026,227,,,
8/7/2026,08072026-04,408,Tirzepatide/Glycine Inj Soln,10mg/0.5mg per mL,2,2.3,260,250,16,Devin Phillips/ Andre Stuart,Alyssa Vrana/Gina Jackson,PK batch log - LOT08072026-04.pdf,Pharmetric,08/12/2026,Passed,LOT08072026-04 COA- Temp.png,8/14/2026,250,,,
8/7/2026,08072026-05,408,Tirzepatide/Glycine Inj Soln,10mg/0.5mg per mL,2,2.3,260,247,16,Devin Phillips/ Andre Stuart,Alyssa Vrana/Gina Jackson,PK BATCH LOG - LOT08072026-05.pdf,Pharmetric,08/12/2026,Passed,LOT08072026-05 COA-TEMP.png,8/14/2026,247,,,
8/7/2026,08072026-06,408,Tirzepatide/Glycine Inj Soln,10mg/0.5mg per mL,2,2.3,260,241,16,Devin Phillips/ Andre Stuart,Alyssa Vrana/Gina Jackson,PK batch log - LOT08072026-06.pdf,Pharmetric,08/12/2026,Passed,LOT08072026-06 COA-Temp.png,8/14/2026,241,,,
8/8/2026,08082026-01,407,Tirzepatide/Cyanocobalamin Inj Soln,20mg/0.5mg per mL,2,2.3,260,250,15,Jett Serrano,Suresh Marimuthu/Gina Jackson,PK BATCH LOG - LOT08082026-01.pdf,Pharmetric,08/17/2026,Passed,LOT08082026-01 COA,8/18/2026,235,,,
8/8/2026,08082026-02,406,Tirzepatide/Glycine Inj Soln,20mg/0.5mg per mL,2,2.3,260,234,16,Jett Serrano,Suresh Marimuthu/,,N/A,N/A,Rejected,N/A,N/A,0,,,Rejected for excessive particles
8/10/2026,08102026-01,398,Tirzepatide/Cyanocobalamin Inj Soln,5mg/0.5mg per mL,2,2.3,260,210,15,Jett Serrano/  Alan Torralbo,Alyssa Vrana/Gina Jackson,PK BATCH LOG - LOT08102026-01.pdf,Pharmetric,08/17/2026,Passed,LOT08102026-01 COA,8/18/2026,195,,,
8/10/2026,08102026-02,398,Tirzepatide/Cyanocobalamin Inj Soln,5mg/0.5mg per mL,2,2.3,260,236,15,Jett Serrano/  Alan Torralbo,Alyssa Vrana/Gina Jackson,PK BATCH LOG - LOT08102026-02.pdf,Pharmetric,08/17/2026,Passed,LOT08102026-02 COA,8/18/2026,221,,,
8/10/2026,08102026-03,400,Tirzepatide/Glycine Inj Soln,5mg/0.5mg per mL,2,2.3,260,245,16,Jett Serrano/  Alan Torralbo,Alyssa Vrana/,,N/A,N/A,Rejected,N/A,N/A,0,,,Rejected for excessive particles
8/10/2026,08102026-04,400,Tirzepatide/Glycine Inj Soln,5mg/0.5mg per mL,2,2.3,260,231,16,Jett Serrano/  Alan Torralbo,Alyssa Vrana/,,N/A,N/A,Rejected,N/A,N/A,0,,,Rejected for excessive particles
8/10/2026,08102026-05,401,Tirzepatide/Cyanocobalamin Inj Soln,30mg/0.5mg per mL,2,2.3,260,244,15,Jett Serrano/  Alan Torralbo,Alyssa Vrana/Gina Jackson,PK BATCH LOG - LOT08102026-05.pdf,Pharmetric,08/17/2026,Passed,LOT08102026-05 COA,8/18/2026,228,,,
8/10/2026,08102026-06,401,Tirzepatide/Cyanocobalamin Inj Soln,30mg/0.5mg per mL,2,2.3,260,250,15,Jett Serrano/  Alan Torralbo,Alyssa Vrana/Gina Jackson,PK BATCH LOG - LOT08102026-06.pdf,Pharmetric,08/17/2026,Passed,LOT08102026-06 COA,8/18/2026,235,,,
8/10/2026,08102026-07,402,Tirzepatide/Glycine Inj Soln,30mg/0.5mg per mL,2,2.3,260,250,16,Jett Serrano/  Alan Torralbo,Alyssa Vrana/,,N/A,N/A,Rejected,N/A,N/A,0,,,Rejected for excessive particles
8/10/2026,08102026-08,402,Tirzepatide/Glycine Inj Soln,30mg/0.5mg per mL,2,2.3,260,240,16,Jett Serrano/  Alan Torralbo,Alyssa Vrana/,,N/A,N/A,Rejected,N/A,N/A,0,,,Rejected for excessive particles
08/12/2026,08122026-01,409,Tirzepatide/Cyanocobalamin Inj Soln,10mg/0.5mg per mL,2,2.3,260,230,15,Devin Phillips/ Alan Torralbo,Alyssa Vrana/Gina Jackson,PK BATCH LOG - LOT08122026-01.pdf,Pharmetric,08/17/2026,Passed,LOT08122026-01 COA,8/18/2026,215,,,
08/12/2026,08122026-02,409,Tirzepatide/Cyanocobalamin Inj Soln,10mg/0.5mg per mL,2,2.3,260,227,15,Devin Phillips/ Alan Torralbo,Alyssa Vrana/Gina Jackson,PK BATCH LOG - LOT08122026-02.pdf,Pharmetric,08/17/2026,Passed,LOT08122026-02 COA,8/18/2026,212,,,
08/12/2026,08122026-03,407,Tirzepatide/Cyanocobalamin Inj Soln,20mg/0.5mg per mL,2,2.3,260,250,15,Devin Phillips/ Alan Torralbo,Alyssa Vrana/Gina Jackson,PK BATCH LOG - LOT08122026-03.pdf,Pharmetric,08/17/2026,Passed,LOT08122026-03 COA,8/18/2026,235,,,
08/12/2026,08122026-04,407,Tirzepatide/Cyanocobalamin Inj Soln,20mg/0.5mg per mL,2,2.3,260,237,15,Devin Phillips/ Alan Torralbo,Alyssa Vrana/Gina Jackson,PK BATCH LOG - LOT08122026-04.pdf,Pharmetric,08/19/2026,Passed,LOT08122026-04 COA,8/18/2026,222,,,
08/12/2026,08122026-05,408,Tirzepatide/Glycine Inj Soln,10mg/0.5mg per mL,2,2.3,260,227,16,Jett Serrano/  Alan Torralbo,Alyssa Vrana/ Gina Jackson,PK batch log - LOT08122026-05.pdf,Pharmetric,08/19/2026,Passed,LOT08122026-05 COA,8/24/2026,229,,,
08/12/2026,08122026-06,406,Tirzepatide/Glycine Inj Soln,20mg/0.5mg per mL,2,2.3,260,234,16,Jett Serrano/  Alan Torralbo,Alyssa Vrana/ Gina Jackson,PK BATCH LOG - LOT08122026-06.pdf,Pharmetric,08/18/2026,Passed,LOT08122026-06 COA,8/24/2026,215,,,
8/13/2026,08132026-01,405,Tirzepatide/Cyanocobalamin Inj Soln,15mg/0.5mg per mL,2,2.3,260,248,15,Devin Phillips/ Alan Torralbo,Alyssa Vrana/ Gina Jackson,PK BATCH LOG - LOT08132026-01.pdf,Pharmetric,08/19/2026,Passed,LOT08132026-01 COA,8/21/2026,233,,,
8/13/2026,08132026-02,405,Tirzepatide/Cyanocobalamin Inj Soln,15mg/0.5mg per mL,2,2.3,260,247,15,Devin Phillips/ Alan Torralbo,Alyssa Vrana/ Gina Jackson,PK BATCH LOG - LOT08132026-02.pdf,Pharmetric,08/19/2026,Passed,LOT08132026-02 COA,8/21/2026,232,,,
8/13/2026,08132026-03,411,Tirzepatide/Cyanocobalamin Inj Soln,25mg/0.5mg per mL,2,2.3,260,242,15,Devin Phillips/ Alan Torralbo,Alyssa Vrana/ Gina Jackson,PK batch log - LOT08132026-03.pdf,Pharmetric,08/19/2026,Passed,LOT08132026-03 COA,8/21/2026,227,,,
8/13/2026,08132026-04,411,Tirzepatide/Cyanocobalamin Inj Soln,25mg/0.5mg per mL,2,2.3,260,238,16,Devin Phillips/ Alan Torralbo,Alyssa Vrana/ Gina Jackson,PK batch log - LOT08132026-04.pdf,Pharmetric,08/19/2026,Passed,LOT08132026-04 COA,8/21/2026,222,,,
8/13/2026,08132026-05,401,Tirzepatide/Cyanocobalamin Inj Soln,30mg/0.5mg per mL,2,2.3,260,230,15,Devin Phillips/ Alan Torralbo,Alyssa Vrana/ Gina Jackson,PK BATCH LOG - LOT08132026-05.pdf,Pharmetric,08/19/2026,Passed,LOT08132026-05 COA,8/21/2026,215,,,
8/13/2026,08132026-06,401,Tirzepatide/Cyanocobalamin Inj Soln,30mg/0.5mg per mL,2,2.3,260,242,16,Devin Phillips/ Alan Torralbo,Alyssa Vrana/ Gina Jackson,PK batch log  - LOT08132026-06.pdf,Pharmetric,08/19/2026,Passed,LOT08132026-06 COA,8/21/2026,226,,,
8/13/2026,08132026-07,410,Tirzepatide/Glycine Inj Soln,25mg/0.5mg per mL,2,2.3,260,231,20,Jett Serrano/  Alan Torralbo,Alyssa Vrana/ Gina Jackson,PK BATCH LOG - LOT08132026-07.pdf,Pharmetric,08/19/2026,Passed,LOT08132026-07 COA,8/24/2026,164,,,
8/13/2026,08132026-08,404,Tirzepatide/Glycine Inj Soln,15mg/0.5mg per mL,2,2.3,260,240,16,Jett Serrano/  Alan Torralbo,Alyssa Vrana/ Gina Jackson,PK batch log - LOT08132026-08.pdf,Pharmetric,08/19/2026,Passed,LOT08132026-08 COA,8/24/2026,224,,,
8/14/2026,08142026-01,401,Tirzepatide/Cyanocobalamin Inj Soln,30mg/0.5mg per mL,2,2.3,260,244,15,Devin Phillips/ Alan Torralbo,Alyssa Vrana/ Gina Jackson,PK BATCH LOG - LOT08142026-01.pdf,Pharmetric,08/19/2026,Passed,LOT08142026-01 COA,8/21/2026,233,,,
8/14/2026,08142026-02,401,Tirzepatide/Cyanocobalamin Inj Soln,30mg/0.5mg per mL,2,2.3,260,245,15,Devin Phillips/ Alan Torralbo,Alyssa Vrana/ Gina Jackson,PK batch log - LOT08142024-02.pdf,Pharmetric,08/19/2026,Passed,LOT08142026-02 COA,8/21/2026,232,,,
8/14/2026,08142026-03,401,Tirzepatide/Cyanocobalamin Inj Soln,30mg/0.5mg per mL,2,2.3,260,243,15,Devin Phillips/ Alan Torralbo,Alyssa Vrana/ Gina Jackson,PK batch log - LOT08142026-03.pdf,Pharmetric,08/19/2026,Passed,LOT08142026-03 COA,8/21/2026,227,,,
8/14/2026,08142026-04,401,Tirzepatide/Cyanocobalamin Inj Soln,30mg/0.5mg per mL,2,2.3,260,244,15,Devin Phillips/ Alan Torralbo,Alyssa Vrana/ Gina Jackson,PK batch log - LOT08142026-04.pdf,Pharmetric,08/19/2026,Passed,LOT08142026-04 COA,8/21/2026,222,,,
8/14/2026,08142026-05,398,Tirzepatide/Cyanocobalamin Inj Soln,5mg/0.5mg per mL,2,2.3,260,232,15,Devin Phillips/ Alan Torralbo,Alyssa Vrana/ Gina Jackson,PK BATCH LOG - LOT08142026-05.pdf,Pharmetric,08/19/2026,Passed,LOT08142026-05 COA,8/21/2026,215,,,
8/14/2026,08142026-06,398,Tirzepatide/Cyanocobalamin Inj Soln,5mg/0.5mg per mL,2,2.3,260,242,15,Devin Phillips/ Alan Torralbo,Alyssa Vrana/ Gina Jackson,PK batch log - LOT08142026-06.pdf,Pharmetric,08/19/2026,Passed,LOT08142026-06 COA,8/21/2026,226,,,
8/14/2026,08142026-07,402,Tirzepatide/Glycine Inj Soln,30mg/0.5mg per mL,2,2.3,260,250,16,Jett Serrano/  Alan Torralbo,Alyssa Vrana/ Gina Jackson,PK BATCH LOG - LOT08142026-07.pdf,Pharmetric,08/19/2026,Passed,LOT08142026-07 COA,8/24/2026,234,,,
8/14/2026,08142026-08,400,Tirzepatide/Glycine Inj Soln,5mg/0.5mg per mL,2,2.3,260,238,16,Jett Serrano/  Alan Torralbo,Alyssa Vrana/ Gina Jackson,PK batch log - LOT08142026-08.pdf,Pharmetric,08/19/2026,Passed,LOT08142026-08 COA,8/24/2026,22,,,
8/17/2026,08172026-01,401,Tirzepatide/Cyanocobalamin Inj Soln,30mg/0.5mg per mL,2,2.3,260,250,15,Andre Stuart/ Devin Phillips,Alyssa Vrana/ Gina Jackson,PK BATCH LOG - LOT08172026-01.pdf,Miraxis,08/19/2026,Passed,LOT08172026-01 COA,8/20/2026,235,,,
8/17/2026,08172026-02,401,Tirzepatide/Cyanocobalamin Inj Soln,30mg/0.5mg per mL,2,2.3,260,250,15,Andre Stuart/Devin Phillips,Alyssa Vrana/ Gina Jackson,PK BATCH LOG - LOT08172026-02.pdf,Miraxis,08/19/2026,Passed,LOT08172026-02 COA,8/20/2026,235,,,
8/17/2026,08172026-03,401,Tirzepatide/Cyanocobalamin Inj Soln,30mg/0.5mg per mL,2,2.3,260,250,15,Andre Stuart/Devin Phillips,Alyssa Vrana/ Gina Jackson,PK BATCH LOG - LOT08172026-03.pdf,Miraxis,08/19/2026,Passed,LOT08172026-03 COA,8/20/2026,235,,,
8/17/2026,08172026-04,409,Tirzepatide/Cyanocobalamin Inj Soln,10mg/0.5mg per mL,2,2.3,260,249,15,Andre Stuart/Devin Phillips,Alyssa Vrana/ Gina Jackson,PK BATCH LOG - LOT08172026-04.pdf,Miraxis,08/19/2026,Passed,LOT08172026-04 COA,8/20/2026,233,,,
8/17/2026,08172026-05,409,Tirzepatide/Cyanocobalamin Inj Soln,10mg/0.5mg per mL,2,2.3,260,250,15,Jett Serrano/  Devin Phillips,Alyssa Vrana/ Gina Jackson,PK BATCH LOG - LOT08172026-05.pdf,Miraxis,08/19/2026,Passed,LOT08172026-05 COA,8/20/2026,235,,,
8/17/2026,08172026-06,398,Tirzepatide/Cyanocobalamin Inj Soln,5mg/0.5mg per mL,2,2.3,260,250,15,Jett Serrano/  Devin Phillips,Alyssa Vrana/,PK batch log - LOT08172026-06.pdf,Miraxis,08/19/2026,Rejected,LOT08172026-06 COA -CONTAINER CLOSURE,N/A,0,205,,Rejected
8/17/2026,08172026-07,398,Tirzepatide/Cyanocobalamin Inj Soln,5mg/0.5mg per mL,2,2.3,260,250,15,Andre Stuart/ Devin Phillips,Alyssa Vrana/ Gina Jackson,PK BATCH LOG - LOT08172026-07.pdf,Miraxis,08/19/2026,Passed,LOT08172026-07 COA,8/20/2026,235,,,
8/17/2026,08172026-08,400,Tirzepatide/Glycine Inj Soln,5mg/0.5mg per mL,2,2.3,260,239,16,Jett Serrano/  Devin Phillips,Alyssa Vrana/ Gina Jackson,PK BATCH LOG - LOT08172026-08.pdf,Miraxis,08/19/2026,Passed,LOT08172026-08 COA,8/20/2026,223,,,
8/18/2026,08182026-01,401,Tirzepatide/Cyanocobalamin Inj Soln,30mg/0.5mg per mL,2,2.3,260,250,15,Andre Stuart/ Devin Phillips,Alyssa Vrana/,PK batch log - LOT08182026-01.pdf,Miraxis,08/20/2026,Passed,LOT08182026-01 COA,8/21/2026,235,,,
8/18/2026,08182026-02,401,Tirzepatide/Cyanocobalamin Inj Soln,30mg/0.5mg per mL,2,2.3,260,250,15,Andre Stuart/ Devin Phillips,Alyssa Vrana/ Gina Jackson,PK BATCH LOG - LOT08182026-02.pdf,Miraxis,08/20/2026,Passed,LOT08182026-02 COA,8/21/2026,235,,,
8/18/2026,08182026-03,401,Tirzepatide/Cyanocobalamin Inj Soln,30mg/0.5mg per mL,2,2.3,260,250,15,Andre Stuart/ Devin Phillips,Alyssa Vrana/ Gina Jackson,PK BATCH LOG - LOT08182026-03.pdf,Miraxis,08/20/2026,Passed,LOT08182026-03 COA,8/21/2026,235,,,
8/18/2026,08182026-04,409,Tirzepatide/Cyanocobalamin Inj Soln,10mg/0.5mg per mL,2,2.3,260,249,15,Andre Stuart/ Devin Phillips,Alyssa Vrana/ Gina Jackson,PK BATCH LOG - LOT08182026-04.pdf,Miraxis,08/20/2026,Passed,LOT08182026-04 COA,8/25/2026,234,,,
8/18/2026,08182026-05,409,Tirzepatide/Cyanocobalamin Inj Soln,10mg/0.5mg per mL,2,2.3,260,250,15,Andre Stuart/ Devin Phillips,Alyssa Vrana/ Gina Jackson,PK BATCH LOG - LOT08182026-05.pdf,Miraxis,08/20/2026,Passed,LOT08182026-05 COA,8/20/2026,235,,,
8/18/2026,08182026-06,402,Tirzepatide/Glycine Inj Soln,30mg/0.5mg per mL,2,2.3,260,248,15,Jett Serrano/  Devin Phillips,Alyssa Vrana/ Gina Jackson,PK BATCH LOG - LOT08182026-06.pdf,Miraxis,08/20/2026,Passed,LOT08182026-06 COA,8/20/2026,231,,,
8/18/2026,08182026-07,402,Tirzepatide/Glycine Inj Soln,30mg/0.5mg per mL,2,2.3,260,250,15,Jett Serrano/  Devin Phillips,Alyssa Vrana/ Gina Jackson,PK batch log - LOT08182026-07.pdf,Miraxis,08/20/2026,Passed,LOT08182026-07 COA,8/20/2026,191,,,
8/18/2026,08182026-08,406,Tirzepatide/Glycine Inj Soln,20mg/0.5mg per mL,2,2.3,260,250,,Jett Serrano/  Devin Phillips,Alyssa Vrana/,PK batch log - LOT08182026-08 REJECTED.pdf,N/A,N/A,Rejected,,N/A,0,250,,Rejected
8/19/2026,08192026-01,401,Tirzepatide/Cyanocobalamin Inj Soln,30mg/0.5mg per mL,2,2.3,260,250,15,Andre Stuart/ Devin Phillips,YIsel Cabrera/Alyssa Vrana,PK batch log - LOT08192026-01.pdf,Miraxis,08/22/2026,Passed,LOT08192026-01 COA,8/24/2026,235,,,
8/19/2026,08192026-02,401,Tirzepatide/Cyanocobalamin Inj Soln,30mg/0.5mg per mL,2,2.3,260,250,15,Andre Stuart/ Devin Phillips,YIsel Cabrera/Alyssa Vrana,PK batch log - LOT08192026-02.pdf,Miraxis,08/22/2026,Passed,LOT08192026-02 COA,8/25/2026,235,,,
8/19/2026,08192026-03,401,Tirzepatide/Cyanocobalamin Inj Soln,30mg/0.5mg per mL,2,2.3,260,250,15,Andre Stuart/ Devin Phillips,YIsel Cabrera/Alyssa Vrana,PK BATCH LOG - LOT08192026-03.pdf,Miraxis,08/22/2026,Passed,LOT08192026-03 COA,8/24/2026,235,,,
8/19/2026,08192026-04,409,Tirzepatide/Cyanocobalamin Inj Soln,10mg/0.5mg per mL,2,2.3,260,250,15,Andre Stuart/ Devin Phillips,YIsel Cabrera/Alyssa Vrana,PK batch log - LOT08192026-04.pdf,Miraxis,08/22/2026,Passed,LOT08192026-04 COA,8/24/2026,235,,,
8/19/2026,08192026-05,409,Tirzepatide/Cyanocobalamin Inj Soln,10mg/0.5mg per mL,2,2.3,260,250,15,Andre Stuart/ Devin Phillips,YIsel Cabrera/Alyssa Vrana,PK batch log - LOT08192026-05.pdf,Miraxis,08/22/2026,Passed,LOT08192026-05 COA,8/24/2026,235,,,
8/19/2026,08192026-06,398,Tirzepatide/Cyanocobalamin Inj Soln,5mg/0.5mg per mL,2,2.3,260,250,15,Jett Serrano/  Devin Phillips,YIsel Cabrera/Alyssa Vrana,PK BATCH LOG - LOT08192026-06.pdf,Miraxis,08/22/2026,Passed,LOT08192026-06 COA,8/24/2026,235,,,
8/19/2026,08192026-07,398,Tirzepatide/Cyanocobalamin Inj Soln,5mg/0.5mg per mL,2,2.3,260,250,15,Jett Serrano/  Devin Phillips,YIsel Cabrera/Alyssa Vrana,PK BATCH LOG - LOT08192026-07.pdf,Miraxis,08/22/2026,Passed,LOT08192026-07 COA,8/24/2026,235,,,
8/19/2026,08192026-08,400,Tirzepatide/Glycine Inj Soln,5mg/0.5mg per mL,2,2.3,260,250,15,Jett Serrano/  Devin Phillips,YIsel Cabrera/Alyssa Vrana,PK BATCH LOG - LOT08192026-08.pdf,Miraxis,08/22/2026,Passed,LOT08192026-08 COA,8/24/2026,235,,,
8/20/2026,08202026-01,401,Tirzepatide/Cyanocobalamin Inj Soln,30mg/0.5mg per mL,2,2.3,260,249,15,Andre Stuart/ Devin Phillips,Alyssa Vrana/,PK batch log - LOT08202026-01.pdf,Miraxis,,Rejected,LOT08202026-01 COA,N/A,0,234,,Rejected
8/20/2026,08202026-05,409,Tirzepatide/Cyanocobalamin Inj Soln,10mg/0.5mg per mL,2,2.3,260,250,15,Jett Serrano/  Devin Phillips,Alyssa Vrana/Gina Jackson,PK BATCH LOG - LOT08202026-05.pdf,Miraxis,08/26/2026,Passed,LOT08202026-05 COA,8/25/2026,235,,,
8/20/2026,08202026-06,407,Tirzepatide/Cyanocobalamin Inj Soln,20mg/0.5mg per mL,2,2.3,260,250,15,Jett Serrano/  Devin Phillips,Alyssa Vrana/,PK batch log - LOT08202026-06.pdf,Miraxis,08/26/2026,Rejected,LOT08202026-06 COA,N/A,0,235,,Rejected
8/20/2026,08202026-08,402,Tirzepatide/Glycine Inj Soln,30mg/0.5mg per mL,2,2.3,260,250,25,Jett Serrano/  Devin Phillips,Alyssa Vrana/Gina Jackson,PK batch log - LOT08202026-08.pdf,Miraxis,08/26/2026,Passed,LOT08202026-08 COA,8/27/2026,225,,,
8/21/2026,08212026-01,407,Tirzepatide/Cyanocobalamin Inj Soln,20mg/0.5mg per mL,2,2.3,260,241,15,Andre Stuart/,Alyssa Vrana/Gina Jackson,PK batch log - LOT08212026-01.pdf,Miraxis,08/26/2026,Passed,LOT08212026-01 COA,8/27/2026,226,,,
8/21/2026,08212026-02,407,Tirzepatide/Cyanocobalamin Inj Soln,20mg/0.5mg per mL,2,2.3,260,245,15,Andre Stuart/,Alyssa Vrana/Gina Jackson,PK BATCH LOG - LOT08212026-02.pdf,Miraxis,08/26/2026,Passed,LOT08212026-02 COA,8/27/2026,230,,,
8/21/2026,08212026-03,411,Tirzepatide/Cyanocobalamin Inj Soln,25mg/0.5mg per mL,2,2.3,260,237,15,Andre Stuart/,Alyssa Vrana/,PK BATCH LOG - LOT08212026-03.pdf,Miraxis,08/26/2026,Rejected,LOT08212026-03 COA- Failed Potency,N/A,0,222,,Rejected
8/21/2026,08212026-04,411,Tirzepatide/Cyanocobalamin Inj Soln,25mg/0.5mg per mL,2,2.3,260,247,15,Andre Stuart/,Alyssa Vrana/,PK batch log - LOT08212026-04.pdf,Miraxis,08/26/2026,Rejected,LOT08212026-04 COA- Failed Potency,N/A,0,232,,Rejected
8/21/2026,08212026-05,405,Tirzepatide/Cyanocobalamin Inj Soln,15mg/0.5mg per mL,2,2.3,260,245,15,Andre Stuart/,Alyssa Vrana/Gina Jackson,PK batch log - LOT08212026-05.pdf,Miraxis,08/26/2026,Passed,LOT08212026-05 COA,8/28/2026,230,,,
8/21/2026,08212026-06,405,Tirzepatide/Cyanocobalamin Inj Soln,15mg/0.5mg per mL,2,2.3,260,250,15,Andre Stuart/,Alyssa Vrana/Gina Jackson,PK batch log - LOT08212026-06.pdf,Miraxis,08/26/2026,Passed,LOT08212026-06 COA,8/28/2026,235,,,
8/21/2026,08212026-07,402,Tirzepatide/Glycine Inj Soln,30mg/0.5mg per mL,2,2.3,260,242,15,Jett Serrano/  ,Alyssa Vrana/Gina Jackson,PK batch log - LOT08212026-07.pdf,Miraxis,08/26/2026,Passed,LOT08212026-07 COA,8/31/2026,217,,,
8/21/2026,08212026-08,402,Tirzepatide/Glycine Inj Soln,30mg/0.5mg per mL,2,2.3,260,250,15,Jett Serrano/  ,Alyssa Vrana/Gina Jackson,PK BATCH LOG - LOT08212026-08.pdf,Miraxis,08/26/2026,Passed,LOT08212026-08 COA,8/31/2026,225,,,
8/23/2026,08232026-01,409,Tirzepatide/Cyanocobalamin Inj Soln,10mg/0.5mg per mL,2,2.3,260,238,15,Alan Torralbo/Devin Phillips,Suresh Marimuthu/,PK BATCH LOG - LOT08232026-01.pdf,Miraxis,08/26/2026,Rejected,LOT08232026-01 COA- Failed Potency,N/A,0,235,,Rejected
8/23/2026,08232026-02,401,Tirzepatide/Cyanocobalamin Inj Soln,30mg/0.5mg per mL,2,2.3,260,249,15,Alan Torralbo/Devin Phillips,Suresh Marimuthu/Alyssa Vrana,PK BATCH LOG - LOT08232026-02.pdf,Miraxis,08/26/2026,Passed,LOT08232026-02 COA,8/27/2026,226,,,
8/23/2026,08232026-03,401,Tirzepatide/Cyanocobalamin Inj Soln,30mg/0.5mg per mL,2,2.3,260,246,15,Devin Phillips/Alan Torralbo,Suresh Marimuthu/,PK BATCH LOG - LOT08232026-03.pdf,Miraxis,08/26/2026,Rejected,LOT08232026-03 COA- Failed Potency,N/A,0,235,,Rejected
8/23/2026,08232026-04,407,Tirzepatide/Cyanocobalamin Inj Soln,20mg/0.5mg per mL,2,2.3,260,250,15,Devin Phillips/Alan Torralbo,Suresh Marimuthu/,PK BATCH LOG - LOT08232026-04.pdf,Miraxis,08/26/2026,Rejected,LOT08232026-04 COA- Failed Potency,N/A,0,235,,Rejected
8/24/2026,08242026-01,401,Tirzepatide/Cyanocobalamin Inj Soln,30mg/0.5mg per mL,2,2.3,260,210,15,Alan Torralbo/Devin Phillips,Alyssa Vrana/ Gina Jackson,PK batch log - LOT08242026-01.pdf,Miraxis,08/27/2026,Passed,LOT08242026-01 COA,8/28/2026,113,,,
8/24/2026,08242026-02,401,Tirzepatide/Cyanocobalamin Inj Soln,30mg/0.5mg per mL,2,2.3,260,250,15,Alan Torralbo/Devin Phillips,Alyssa Vrana/,PK BATCH LOG - LOT08242026-02.pdf,Miraxis,08/27/2026,Passed,LOT08242026-02 COA,8/28/2026,235,,,
8/24/2026,08242026-03,407,Tirzepatide/Cyanocobalamin Inj Soln,20mg/0.5mg per mL,2,2.3,260,250,15,Alan Torralbo/Devin Phillips,Alyssa Vrana/Gina Jackson,PK BATCH LOG - LOT08242026-03.pdf,Miraxis,08/27/2026,Passed,LOT08242026-03 COA,8/27/2026,235,,,
8/24/2026,08242026-04,407,Tirzepatide/Cyanocobalamin Inj Soln,20mg/0.5mg per mL,2,2.3,260,250,15,Alan Torralbo/Devin Phillips,Alyssa Vrana/Gina Jackson,PK BATCH LOG - LOT08242026-04.pdf,Miraxis,08/27/2026,Passed,LOT08242026-04 COA,8/27/2026,235,,,
8/24/2026,08242026-05,407,Tirzepatide/Cyanocobalamin Inj Soln,20mg/0.5mg per mL,2,2.3,260,250,15,Alan Torralbo/Devin Phillips,Alyssa Vrana/Gina Jackson,PK batch log - LOT08242026-05.pdf,Miraxis,08/27/2026,Passed,LOT08242026-05 COA,8/27/2026,235,,,
8/24/2026,08242026-06,409,Tirzepatide/Cyanocobalamin Inj Soln,10mg/0.5mg per mL,2,2.3,260,250,15,Alan Torralbo/Devin Phillips,Alyssa Vrana/Gina Jackson,PK BATCH LOG - LOT08242026-06.pdf,Miraxis,08/27/2026,Passed,LOT08242026-06 COA,8/27/2026,235,,,
8/24/2026,08242026-07,409,Tirzepatide/Cyanocobalamin Inj Soln,10mg/0.5mg per mL,2,2.3,260,250,15,Alan Torralbo/Devin Phillips,Alyssa Vrana/Gina Jackson,PK BATCH LOG - LOT08242026-07.pdf,Miraxis,08/27/2026,Passed,LOT08242026-07 COA,8/27/2026,235,,,
8/24/2026,08242026-08,409,Tirzepatide/Cyanocobalamin Inj Soln,10mg/0.5mg per mL,2,2.3,260,250,15,Alan Torralbo/Devin Phillips,Alyssa Vrana/Gina Jackson,PK batch log - LOT08242026-08.pdf,Miraxis,08/27/2026,Passed,LOT08242026-08 COA,8/27/2026,235,,,
8/25/2026,08252026-01,401,Tirzepatide/Cyanocobalamin Inj Soln,30mg/0.5mg per mL,2,2.3,260,232,15,Alan Torralbo/Devin Phillips,Alyssa Vrana/Gina Jackson,PK BATCH LOG - LOT08252026-01.pdf,Miraxis,08/27/2026,Passed,LOT08252026-01 COA,8/28/2026,216,,,
8/25/2026,08252026-02,401,Tirzepatide/Cyanocobalamin Inj Soln,30mg/0.5mg per mL,2,2.3,260,242,15,Alan Torralbo/Devin Phillips,Alyssa Vrana/,PK BATCH LOG - LOT08252026-02.pdf,Miraxis,08/27/2026,Rejected,LOT08252026-02 COA-Failed Potency,N/A,0,227,,Rejected
8/25/2026,08252026-03,401,Tirzepatide/Cyanocobalamin Inj Soln,30mg/0.5mg per mL,2,2.3,260,239,15,Alan Torralbo/Devin Phillips,Alyssa Vrana/,PK BATCH LOG - LOT08252026-03.pdf,Miraxis,08/27/2026,Rejected,LOT08252026-03 COA-Failed Potency,8/28/2026,224,,,Rejected
8/25/2026,08252026-04,405,Tirzepatide/Cyanocobalamin Inj Soln,15mg/0.5mg per mL,2,2.3,260,237,15,Jett Serrano /Devin Phillips,Alyssa Vrana/Gina Jackson,PK BATCH LOG - LOT08252026-04.pdf,Miraxis,08/27/2026,Passed,LOT08252026-04 COA,8/28/2026,221,,,
8/25/2026,08252026-05,405,Tirzepatide/Cyanocobalamin Inj Soln,15mg/0.5mg per mL,2,2.3,260,237,15,Jett Serrano /Devin Phillips,Alyssa Vrana/Gina Jackson,PK batch log - LOT08252026-05.pdf,Miraxis,08/27/2026,Passed,LOT08252026-05 COA,8/28/2026,222,,,
8/25/2026,08252026-06,402,Tirzepatide/Glycine Inj Soln,30mg/0.5mg per mL,2,2.3,260,250,15,Jett Serrano /Devin Phillips,Alyssa Vrana/,PK BATCH LOG - LOT08252026-06.pdf,Miraxis,08/27/2026,Rejected,LOT08252026-06 COA-Failed Potency,N/A,0,235,,Rejected
8/25/2026,08252026-07,402,Tirzepatide/Glycine Inj Soln,30mg/0.5mg per mL,2,2.3,260,250,15,Jett Serrano /Devin Phillips,Alyssa Vrana/,PK BATCH LOG - LOT08252026-07.pdf,Miraxis,08/27/2026,Rejected,LOT08252026-07 COA- Failed Potency,N/A,0,235,,Rejected
8/25/2026,08252026-08,400,Tirzepatide/Glycine Inj Soln,5mg/0.5mg per mL,2,2.3,260,250,15,Jett Serrano /Devin Phillips,Alyssa Vrana/,PK BATCH LOG - LOT08252026-08.pdf,Miraxis,08/27/2026,Rejected,LOT08252026-08 COA- Failed Potency,N/A,0,235,,Rejected
8/25/2026,08252026-09,401,Tirzepatide/Cyanocobalamin Inj Soln,30mg/0.5mg per mL,2,2.3,260,244,15,Alan Torralbo/Devin Phillips,Alyssa Vrana/,PK BATCH LOG - LOT08252026-09.pdf,Miraxis,08/27/2026,Rejected,LOT08252026-09 COA- Failed Potency,N/A,0,229,,Rejected
8/25/2026,08252026-10,401,Tirzepatide/Cyanocobalamin Inj Soln,30mg/0.5mg per mL,2,2.3,260,250,15,Alan Torralbo/Devin Phillips,Alyssa Vrana/Gina Jackson,PK BATCH LOG - LOT08252026-10.pdf,Miraxis,08/27/2026,Passed,LOT08252026-10 COA,8/28/2026,235,235,,
8/26/2026,08262026-01,401,Tirzepatide/Cyanocobalamin Inj Soln,30mg/0.5mg per mL,2,2.3,260,230,15,Alan Torralbo/Devin Phillips,Alyssa Vrana/Gina Jackson,,Miraxis,08/28/2026,Passed,LOT08262026-01 COA,8/29/2026,230,,,
8/26/2026,08262026-02,401,Tirzepatide/Cyanocobalamin Inj Soln,30mg/0.5mg per mL,2,2.3,260,235,15,Alan Torralbo/Devin Phillips,Alyssa Vrana/Gina Jackson,,Miraxis,08/28/2026,Passed,LOT08262026-02 COA,8/29/2026,235,,,
8/26/2026,08262026-03,401,Tirzepatide/Cyanocobalamin Inj Soln,30mg/0.5mg per mL,2,2.3,260,232,15,Alan Torralbo/Devin Phillips,Alyssa Vrana/Gina Jackson,,Miraxis,08/28/2026,Passed,LOT08262026-03 COA,8/29/2026,232,,,
8/26/2026,08262026-04,405,Tirzepatide/Cyanocobalamin Inj Soln,15mg/0.5mg per mL,2,2.3,260,230,15,Alan Torralbo/Devin Phillips,Alyssa Vrana/Gina Jackson,,Miraxis,08/28/2026,Passed,LOT08262026-04 COA,8/29/2026,230,,,
8/26/2026,08262026-05,405,Tirzepatide/Cyanocobalamin Inj Soln,15mg/0.5mg per mL,2,2.3,260,222,15,Alan Torralbo/Devin Phillips,Alyssa Vrana/,,Miraxis,08/28/2026,Rejected,LOT08262026-05 COA -Failed Potency,N/A,0,222,,Rejected
8/26/2026,08262026-06,411,Tirzepatide/Cyanocobalamin Inj Soln,25mg/0.5mg per mL,2,2.3,260,230,15,Jett Serrano /Devin Phillips,Alyssa Vrana/Gina Jackson,,Miraxis,08/28/2026,Passed,LOT08262026-06 COA,8/29/2026,230,,,
8/26/2026,08262026-07,407,Tirzepatide/Cyanocobalamin Inj Soln,20mg/0.5mg per mL,2,2.3,260,230,15,Jett Serrano /Devin Phillips,Alyssa Vrana/Gina Jackson,,Miraxis,08/28/2026,Passed,LOT08262026-07 COA,8/29/2026,230,,,
8/26/2026,08262026-08,404,Tirzepatide/Glycine Inj Soln,15mg/0.5mg per mL,2,2.3,260,233,15,Jett Serrano /Devin Phillips,Alyssa Vrana/Gina Jackson,,Miraxis,08/28/2026,Passed,LOT08262026-08 COA,8/29/2026,233,,,
8/26/2026,08262026-09,402,Tirzepatide/Glycine Inj Soln,30mg/0.5mg per mL,2,2.3,260,230,15,Jett Serrano /Devin Phillips,Alyssa Vrana/Gina Jackson,,Miraxis,08/28/2026,Passed,LOT08262026-09 COA,8/29/2026,230,,,
8/26/2026,08262026-10,401,Tirzepatide/Cyanocobalamin Inj Soln,30mg/0.5mg per mL,2,2.3,260,216,15,Jett Serrano /Devin Phillips,Alyssa Vrana/Gina Jackson,,Miraxis,08/28/2026,Passed,LOT08262026-10 COA,8/29/2026,216,,,
8/27/2026,08272026-01,401,Tirzepatide/Cyanocobalamin Inj Soln,30mg/0.5mg per mL,2,2.3,260,239,15,Alan Torralbo/Andre Stuart,Alyssa Vrana/Gina Jackson,,Miraxis,08/29/2026,Passed,LOT08272026-01 COA,9/1/2026,224,,,
8/27/2026,08272026-02,401,Tirzepatide/Cyanocobalamin Inj Soln,30mg/0.5mg per mL,2,2.3,260,238,15,Alan Torralbo/Andre Stuart,Alyssa Vrana/Gina Jackson,,Miraxis,08/29/2026,Passed,LOT08272026-02 COA,9/1/2026,223,,,
8/27/2026,08272026-03,405,Tirzepatide/Cyanocobalamin Inj Soln,15mg/0.5mg per mL,2,2.3,260,246,15,Alan Torralbo/Andre Stuart,Alyssa Vrana/Gina Jackson,,Miraxis,08/29/2026,Passed,LOT08272026-03 COA,9/1/2026,231,,,
8/27/2026,08272026-04,405,Tirzepatide/Cyanocobalamin Inj Soln,15mg/0.5mg per mL,2,2.3,260,247,15,Alan Torralbo/Andre Stuart,Alyssa Vrana/Gina Jackson,,Miraxis,08/29/2026,Passed,LOT08272026-04 COA,9/1/2026,232,,,
8/27/2026,08272026-05,402,Tirzepatide/Glycine Inj Soln,30mg/0.5mg per mL,2,2.3,260,244,15,Jett Serrano / Andre Stuart,Alyssa Vrana/Gina Jackson,,Miraxis,08/29/2026,Passed,LOT08272026-05 COA,9/1/2026,229,,,
8/27/2026,08272026-06,402,Tirzepatide/Glycine Inj Soln,30mg/0.5mg per mL,2,2.3,260,230,15,Jett Serrano / Andre Stuart,Alyssa Vrana/Gina Jackson,,Miraxis,08/29/2026,Passed,LOT08272026-06 COA,9/1/2026,215,,,
8/27/2026,08272026-07,406,Tirzepatide/Glycine Inj Soln,20mg/0.5mg per mL,2,2.3,260,241,15,Jett Serrano / Andre Stuart,Alyssa Vrana/Gina Jackson,,Miraxis,08/29/2026,Passed,LOT08272026-07 COA,9/1/2026,226,,,
8/27/2026,08272026-08,408,Tirzepatide/Glycine Inj Soln,10mg/0.5mg per mL,2,2.3,260,240,15,Jett Serrano / Andre Stuart,Alyssa Vrana/Gina Jackson,,Miraxis,08/29/2026,Passed,LOT08272026-08 COA,9/1/2026,225,,,
8/27/2026,08272026-09,401,Tirzepatide/Cyanocobalamin Inj Soln,30mg/0.5mg per mL,2,2.3,260,246,15,Alan Torralbo/Andre Stuart,Alyssa Vrana/Gina Jackson,,Miraxis,08/29/2026,Passed,LOT08272026-09 COA,9/1/2026,231,,,
8/27/2026,08272026-10,401,Tirzepatide/Cyanocobalamin Inj Soln,30mg/0.5mg per mL,2,2.3,260,243,15,Jett Serrano / Andre Stuart,Alyssa Vrana/Gina Jackson,,Miraxis,08/29/2026,Passed,LOT08272026-10 COA,9/1/2026,228,,,
8/28/2026,08282026-01,407,Tirzepatide/Cyanocobalamin Inj Soln,20mg/0.5mg per mL,2,2.3,260,208,15,Jett Serrano / Andre Stuart,Alyssa Vrana/,PK batch log - LOT08282026-01.pdf,Miraxis,09/01/2026,Passed,LOT08282026-01 COA,9/3/2026,208,,,
8/28/2026,08282026-02,407,Tirzepatide/Cyanocobalamin Inj Soln,20mg/0.5mg per mL,2,2.3,260,225,15,Alan Torralbo/Andre Stuart,Alyssa Vrana/,PK batch log  - LOT08282026-02.pdf,Miraxis,09/02/2026,Passed,LOT08282026-02 COA,9/3/2026,225,,,
8/28/2026,08282026-03,407,Tirzepatide/Cyanocobalamin Inj Soln,20mg/0.5mg per mL,2,2.3,260,227,15,Alan Torralbo/Andre Stuart,Alyssa Vrana/,PK batch log  - LOT08282026-03.pdf,Miraxis,09/02/2026,Passed,LOT08282026-03 COA,9/3/2026,227,,,
8/28/2026,08282026-04,409,Tirzepatide/Cyanocobalamin Inj Soln,10mg/0.5mg per mL,2,2.3,260,219,15,Alan Torralbo/Andre Stuart,Alyssa Vrana/,PK batch log - LOT08282026-04.pdf,Miraxis,09/02/2026,Passed,LOT08282026-04 COA,9/3/2026,219,,,
8/28/2026,08282026-05,409,Tirzepatide/Cyanocobalamin Inj Soln,10mg/0.5mg per mL,2,2.3,260,218,15,Alan Torralbo/Andre Stuart,Alyssa Vrana/,PK batch log  - LOT08282026-05.pdf,Miraxis,09/02/2026,Passed,LOT08282026-05 COA,9/3/2026,218,,,
8/28/2026,08282026-06,409,Tirzepatide/Cyanocobalamin Inj Soln,10mg/0.5mg per mL,2,2.3,260,219,15,Alan Torralbo/Andre Stuart,Alyssa Vrana/,PK batch log - LOT08282026-06.pdf,Miraxis,09/02/2026,Passed,LOT08282026-06 COA,9/3/2026,219,,,
8/28/2026,08282026-07,398,Tirzepatide/Cyanocobalamin Inj Soln,5mg/0.5mg per mL,2,2.3,260,214,15,Jett Serrano / Andre Stuart,Alyssa Vrana/,PK batch log - LOT08282026-07.pdf,Miraxis,09/02/2026,Passed,LOT08282026-07 COA,9/3/2026,214,,,
8/28/2026,08282026-08,398,Tirzepatide/Cyanocobalamin Inj Soln,5mg/0.5mg per mL,2,2.3,260,216,15,Jett Serrano / Andre Stuart,Alyssa Vrana/,PK batch log - LOT08282026-08.pdf,Miraxis,09/02/2026,Passed,LOT08282026-08 COA,9/3/2026,216,,,
8/28/2026,08282026-09,402,Tirzepatide/Glycine Inj Soln,30mg/0.5mg per mL,2,2.3,260,204,15,Jett Serrano / Andre Stuart,Alyssa Vrana/,PK batch log  - LOT08292026-09.pdf,Miraxis,09/02/2026,Rejected,LOT08282026-09 COA- POTENCY FAILED,N/A,0,204,,
8/28/2026,08282026-10,402,Tirzepatide/Glycine Inj Soln,30mg/0.5mg per mL,2,2.3,260,250,15,Jett Serrano / Andre Stuart,Alyssa Vrana/,PK batch log - LOT08282026-10.pdf,Miraxis,09/02/2026,Passed,LOT08282026-10 COA,9/3/2026,235,,,
08/28/2026,08282026-11,401,Tirzepatide/Cyanocobalamin Inj Soln,30mg/0.5mg per mL,2,2.3,260,249,13,Carlos Alvarez/ Devin Phillips,Suresh Marimuthu/Suresh Marimuthu,PK BATCH LOG - LOT08282026-11.pdf,Miraxis,09/02/2026,Passed,LOT08282026-11 COA,9/8/2026,236,,,
08/28/2026,08282026-12,401,Tirzepatide/Cyanocobalamin Inj Soln,30mg/0.5mg per mL,2,2.3,260,250,13,Carlos Alvarez/ Devin Phillips,Suresh Marimuthu/Suresh Marimuthu,,Miraxis,09/02/2026,Passed,LOT08282026-12 COA,9/8/2026,237,,,
08/28/2026,08282026-13,401,Tirzepatide/Cyanocobalamin Inj Soln,30mg/0.5mg per mL,2,2.3,260,244,13,Carlos Alvarez/ Devin Phillips,Suresh Marimuthu/Suresh Marimuthu,PK BATCH LOG - LOT08282026-13.pdf,Miraxis,09/02/2026,Passed,LOT08282026-13 COA,9/8/2026,231,,,
08/28/2026,08282026-14,402,Tirzepatide/Glycine Inj Soln,30mg/0.5mg per mL,2,2.3,260,244,13,Carlos Alvarez/ Devin Phillips,Suresh Marimuthu/Suresh Marimuthu,PK BATCH LOG - LOT08282026-14.pdf,Miraxis,09/02/2026,Passed,LOT08282026-14 COA,8-Sep-26,231,,,
08/28/2026,08282026-15,402,Tirzepatide/Glycine Inj Soln,30mg/0.5mg per mL,2,2.3,260,250,13,Carlos Alvarez/ Devin Phillips,Suresh Marimuthu/Suresh Marimuthu,PK BATCH LOG - LOT08282026-15.pdf,Miraxis,09/02/2026,Passed,LOT08282026-15 COA,4-Sep-26,232,,,
08/28/2026,08282026-16,402,Tirzepatide/Glycine Inj Soln,30mg/0.5mg per mL,2,2.3,260,250,13,Carlos Alvarez/ Devin Phillips,Suresh Marimuthu/,,Miraxis,09/02/2026,Rejected,LOT08282026-16 COA- POTENCY FAILED,N/A,0,229,,
08/29/2026,08292026-01,401,Tirzepatide/Cyanocobalamin Inj Soln,30mg/0.5mg per mL,2,2.3,260,250,13,Carlos Alvarez/ Devin Phillips,Suresh Marimuthu/Suresh Marimuthu,PK BATCH LOG - LOT08292026-01.pdf,Miraxis,09/02/2026,Passed,LOT08292026-01 COA,9/8/2026,237,,,
08/29/2026,08292026-02,401,Tirzepatide/Cyanocobalamin Inj Soln,30mg/0.5mg per mL,2,2.3,260,250,13,Carlos Alvarez/ Devin Phillips,Suresh Marimuthu/Suresh Marimuthu,PK BATCH LOG - LOT08292026-02.pdf,Pharmetric,09/07/2026,Passed,Lot 08292026-02 COA.pdf,9/8/2026,237,,,
08/29/2026,08292026-03,401,Tirzepatide/Cyanocobalamin Inj Soln,30mg/0.5mg per mL,2,2.3,260,229,13,Carlos Alvarez/ Devin Phillips,Suresh Marimuthu/Suresh Marimuthu,,Miraxis,09/02/2026,Passed,LOT08292026-03 COA,9/8/2026,216,,,
08/29/2026,08292026-04,402,Tirzepatide/Glycine Inj Soln,30mg/0.5mg per mL,2,2.3,260,250,13,Carlos Alvarez/ Devin Phillips,Suresh Marimuthu/Suresh Marimuthu,PK BATCH LOG - LOT08292026-04.pdf,Miraxis,09/02/2026,Passed,LOT08292026-04 COA,9/8/2026,237,,,
08/29/2026,08292026-05,402,Tirzepatide/Glycine Inj Soln,30mg/0.5mg per mL,2,2.3,260,250,13,Carlos Alvarez/ Devin Phillips,Suresh Marimuthu/Suresh Marimuthu,PK BATCH LOG - LOT08292026-05.pdf,Pharmetric,09/07/2026,Passed,Lot 08292026-05 COA.pdf,9/8/2026,237,,,
08/29/2026,08292026-06,402,Tirzepatide/Glycine Inj Soln,30mg/0.5mg per mL,2,2.3,260,224,13,Carlos Alvarez/ Devin Phillips,Suresh Marimuthu/Suresh Marimuthu,PK BATCH LOG - LOT08292026-06.pdf,Miraxis,09/02/2026,Passed,LOT08292026-06 COA,9/4/2026,211,,,
8/31/2026,08312026-01,401,Tirzepatide/Cyanocobalamin Inj Soln,30mg/0.5mg per mL,2,2.3,260,250,15,Jett Serrano /Alan Torralbo,Alyssa Vrana/Gina Jackson,PK batch log  - LOT08312026-01.pdf,Miraxis,09/02/2026,Passed,LOT08312026-01 COA,9/3/2026,235,,,
8/31/2026,08312026-02,401,Tirzepatide/Cyanocobalamin Inj Soln,30mg/0.5mg per mL,2,2.3,260,250,15,Jett Serrano /Alan Torralbo,Alyssa Vrana/Gina Jackson,PK batch log  - LOT08312026-02.pdf,Miraxis,09/02/2026,Passed,LOT08312026-02 COA,9/3/2026,235,,,
8/31/2026,08312026-03,401,Tirzepatide/Cyanocobalamin Inj Soln,30mg/0.5mg per mL,2,2.3,260,250,15,Jett Serrano /Alan Torralbo,Alyssa Vrana/Gina Jackson,PK BATCH LOG - LOT08312026-03.pdf,Miraxis,09/02/2026,Passed,LOT08312026-03 COA,9/3/2026,235,,,
8/31/2026,08312026-04,407,Tirzepatide/Cyanocobalamin Inj Soln,20mg/0.5mg per mL,2,2.3,260,250,15,Jett Serrano /Alan Torralbo,Alyssa Vrana/Gina Jackson,PK BATCH LOG - LOT08312026-04.pdf,Miraxis,09/02/2026,Passed,LOT08312026-04 COA,9/3/2026,235,,,
8/31/2026,08312026-05,407,Tirzepatide/Cyanocobalamin Inj Soln,20mg/0.5mg per mL,2,2.3,260,250,15,Jett Serrano /Alan Torralbo,Alyssa Vrana/Gina Jackson,PK batch log  - LOT08312026-05.pdf,Miraxis,09/02/2026,Passed,LOT08312026-05 COA,9/3/2026,235,,,
8/31/2026,08312026-06,407,Tirzepatide/Cyanocobalamin Inj Soln,20mg/0.5mg per mL,2,2.3,260,250,15,Jett Serrano /Alan Torralbo,Alyssa Vrana/Gina Jackson,PK BATCH LOG - LOT08312026-06.pdf,Miraxis,09/02/2026,Passed,LOT08312026-06 COA,9/3/2026,235,,,
8/31/2026,08312026-07,398,Tirzepatide/Cyanocobalamin Inj Soln,5mg/0.5mg per mL,2,2.3,260,250,15,Jett Serrano /Alan Torralbo,Alyssa Vrana/Gina Jackson,PK BATCH LOG - LOT08312026-07.pdf,Miraxis,09/02/2026,Passed,LOT08312026-07 COA,9/3/2026,235,,,
8/31/2026,08312026-08,398,Tirzepatide/Cyanocobalamin Inj Soln,5mg/0.5mg per mL,2,2.3,260,250,15,Jett Serrano /Alan Torralbo,Alyssa Vrana/Gina Jackson,PK BATCH LOG - LOT08312026-08.pdf,Miraxis,09/02/2026,Passed,LOT08312026-08 COA,9/3/2026,235,,,
8/31/2026,08312026-09,406,Tirzepatide/Glycine Inj Soln,20mg/0.5mg per mL,2,2.3,260,250,15,Jett Serrano /Alan Torralbo,Alyssa Vrana/Gina Jackson,PK BATCH LOG - LOT08312026-09.pdf,Miraxis,09/02/2026,Passed,LOT08312026-09 COA,9/3/2026,235,,,
8/31/2026,08312026-10,406,Tirzepatide/Glycine Inj Soln,20mg/0.5mg per mL,2,2.3,260,250,15,Jett Serrano /Alan Torralbo,Alyssa Vrana/Gina Jackson,PK batch log  - LOT08312026-10.pdf,Miraxis,09/02/2026,Passed,LOT08312026-10 COA,9/3/2026,235,,,
9/8/2026,09082026-01,398,Tirzepatide/Cyanocobalamin Inj Soln,5mg/0.5mg per mL,2,2.3,260,250,15,Jett Serrano/ ,Alyssa Vrana / Helga Jorge,PK BATCH LOG - LOT09082026-01.pdf,Miraxis,09/10/2026,Passed,LOT09082026-01 COA,9/11/2026,232,,,
9/8/2026,09082026-02,398,Tirzepatide/Cyanocobalamin Inj Soln,5mg/0.5mg per mL,2,2.3,260,250,15,Jett Serrano/ ,Alyssa Vrana / Helga Jorge,PK BATCH LOG - LOT09082026-02.pdf,Miraxis,09/10/2026,Passed,LOT09082026-02 COA,9/11/2026,235,,,
9/8/2026,09082026-03,400,Tirzepatide/Glycine Inj Soln,5mg/0.5mg per mL,2,2.3,260,249,15,Jett Serrano/ ,Alyssa Vrana / Helga Jorge,PK BATCH LOG - LOT09082026-03.pdf,Miraxis,09/10/2026,Passed,LOT09082026-03 COA,9/11/2026,234,,,
9/8/2026,09082026-04,409,Tirzepatide/Cyanocobalamin Inj Soln,10mg/0.5mg per mL,2,2.3,260,250,15,Jett Serrano/ ,Alyssa Vrana / Helga Jorge,PK BATCH LOG - LOT09082026-04.pdf,Miraxis,09/10/2026,Passed,LOT09082026-04 COA,9/11/2026,233,,,
9/8/2026,09082026-05,409,Tirzepatide/Cyanocobalamin Inj Soln,10mg/0.5mg per mL,2,2.3,260,250,15,Jett Serrano/ ,Alyssa Vrana / Helga Jorge,PK BATCH LOG - LOT09082026-05.pdf,Miraxis,09/10/2026,Passed,LOT09082026-05 COA,9/11/2026,235,,,
9/8/2026,09082026-06,408,Tirzepatide/Glycine Inj Soln,10mg/0.5mg per mL,2,2.3,260,250,15,Jett Serrano/ ,Alyssa Vrana / Helga Jorge,PK BATCH LOG - LOT09082026-06.pdf,Miraxis,09/10/2026,Passed,LOT09082026-06 COA,9/11/2026,235,,,
9/8/2026,09082026-07,405,Tirzepatide/Cyanocobalamin Inj Soln,15mg/0.5mg per mL,2,2.3,260,250,15,Jett Serrano/ ,Alyssa Vrana / Helga Jorge,PK BATCH LOG - LOT09082026-07.pdf,Miraxis,09/10/2026,Passed,LOT09082026-07 COA,9/11/2026,235,,,
9/8/2026,09082026-08,405,Tirzepatide/Cyanocobalamin Inj Soln,15mg/0.5mg per mL,2,2.3,260,250,15,Jett Serrano/ ,Alyssa Vrana / Helga Jorge,PK BATCH LOG - LOT09082026-08.pdf,Miraxis,09/10/2026,Passed,LOT09082026-08 COA,9/11/2026,234,,,
9/8/2026,09082026-09,404,Tirzepatide/Glycine Inj Soln,15mg/0.5mg per mL,2,2.3,260,248,15,Jett Serrano/ ,Alyssa Vrana / Helga Jorge,PK BATCH LOG - LOT09082026-09.pdf,Miraxis,09/10/2026,Passed,LOT09082026-09 COA,9/11/2026,223,,,
9/8/2026,09082026-10,407,Tirzepatide/Cyanocobalamin Inj Soln,20mg/0.5mg per mL,2,2.3,260,250,15,Jett Serrano/ ,Alyssa Vrana / Helga Jorge,PK BATCH LOG - LOT09082026-10.pdf,Miraxis,09/10/2026,Passed,LOT09082026-10 COA,9/11/2026,235,,,
9/8/2026,09082026-11,407,Tirzepatide/Cyanocobalamin Inj Soln,20mg/0.5mg per mL,2,2.3,260,250,15,Jett Serrano/ ,Alyssa Vrana / Helga Jorge,PK BATCH LOG - LOT09082026-11.pdf,Miraxis,09/10/2026,Passed,LOT09082026-11 COA,9/11/2026,235,,,
9/8/2026,09082026-12,406,Tirzepatide/Glycine Inj Soln,20mg/0.5mg per mL,2,2.3,260,250,15,Jett Serrano/ ,Alyssa Vrana / Helga Jorge,PK BATCH LOG - LOT09082026-12.pdf,Miraxis,09/10/2026,Passed,LOT09082026-12 COA,9/11/2026,235,,,
9/8/2026,09082026-13,411,Tirzepatide/Cyanocobalamin Inj Soln,25mg/0.5mg per mL,2,2.3,260,250,15,Jett Serrano/ ,Alyssa Vrana / Helga Jorge,PK BATCH LOG - LOT09082026-13.pdf,Miraxis,09/10/2026,Passed,LOT09082026-13 COA,9/11/2026,235,,,
9/8/2026,09082026-14,411,Tirzepatide/Cyanocobalamin Inj Soln,25mg/0.5mg per mL,2,2.3,260,250,15,Jett Serrano/ ,Alyssa Vrana / Helga Jorge,PK BATCH LOG - LOT09082026-14.pdf,Miraxis,09/10/2026,Passed,LOT09082026-14 COA,9/11/2026,235,,,
9/8/2026,09082026-15,410,Tirzepatide/Glycine Inj Soln,25mg/0.5mg per mL,2,2.3,260,250,15,Jett Serrano/ ,Alyssa Vrana / Helga Jorge,PK BATCH LOG - LOT09082026-15.pdf,Miraxis,09/10/2026,Passed,LOT09082026-15 COA,9/11/2026,234,,,
9/8/2026,09082026-16,401,Tirzepatide/Cyanocobalamin Inj Soln,30mg/0.5mg per mL,2,2.3,260,250,15,Jett Serrano/ ,Alyssa Vrana / Helga Jorge,PK BATCH LOG - LOT09082026-16.pdf,Miraxis,09/10/2026,Passed,LOT09082026-16 COA,9/11/2026,235,,,
9/8/2026,09082026-17,401,Tirzepatide/Cyanocobalamin Inj Soln,30mg/0.5mg per mL,2,2.3,260,250,15,Jett Serrano/ ,Alyssa Vrana / Helga Jorge,PK BATCH LOG - LOT09082026-17.pdf,Miraxis,09/10/2026,Passed,LOT09082026-17 COA,9/11/2026,235,,,
9/8/2026,09082026-18,402,Tirzepatide/Glycine Inj Soln,30mg/0.5mg per mL,2,2.3,260,250,15,Jett Serrano/ ,Alyssa Vrana / Helga Jorge,PK BATCH LOG - LOT09082026-18.pdf,Miraxis,09/10/2026,Passed,LOT09082026-18 COA,9/11/2026,235,,,
9/9/2026,09092026-01,402,Tirzepatide/Glycine Inj Soln,30mg/0.5mg per mL,2,2.3,260,250,15,Jett Serrano/ Devin Phillps ,Alyssa Vrana / Helga Jorge,PK Batch Log - LOT09092026-01.pdf,Miraxis,09/11/2026,Passed,LOT09092026-01 COA,9/12/2026,235,,,
9/9/2026,09092026-02,402,Tirzepatide/Glycine Inj Soln,30mg/0.5mg per mL,2,2.3,260,250,15,Jett Serrano/ Devin Phillps ,Alyssa Vrana / Helga Jorge,PK BATCH LOG - LOT09092026-02.pdf,Miraxis,09/11/2026,Passed,LOT09092026-02 COA,9/12/2026,235,,,
9/9/2026,09092026-03,402,Tirzepatide/Glycine Inj Soln,30mg/0.5mg per mL,2,2.3,260,250,15,Jett Serrano/ Devin Phillps ,Alyssa Vrana / Helga Jorge,PK BATCH LOG - LOT09092026-03.pdf,Miraxis,09/11/2026,Passed,LOT09092026-03 COA,9/12/2026,235,,,
9/9/2026,09092026-04,402,Tirzepatide/Glycine Inj Soln,30mg/0.5mg per mL,2,2.3,260,250,15,Jett Serrano/ Devin Phillps ,Alyssa Vrana / Helga Jorge,PK BATCH LOG - LOT09092026-04.pdf,Miraxis,09/11/2026,Passed,LOT09092026-04 COA,9/12/2026,235,,,
9/9/2026,09092026-05,402,Tirzepatide/Glycine Inj Soln,30mg/0.5mg per mL,2,2.3,260,250,15,Jett Serrano/ Devin Phillps ,Alyssa Vrana / Helga Jorge,PK BATCH LOG - LOT09092026-05.pdf,Miraxis,09/11/2026,Passed,LOT09092026-05 COA,9/12/2026,235,,,
9/9/2026,09092026-06,401,Tirzepatide/Cyanocobalamin Inj Soln,30mg/0.5mg per mL,2,2.3,260,250,15,Jett Serrano/ Devin Phillps ,Alyssa Vrana / Helga Jorge,PK BATCH LOG - LOT09092026-06.pdf,Miraxis,09/11/2026,Passed,LOT09092026-06 COA,9/12/2026,235,,,
9/9/2026,09092026-07,401,Tirzepatide/Cyanocobalamin Inj Soln,30mg/0.5mg per mL,2,2.3,260,250,15,Jett Serrano/ Devin Phillps ,Alyssa Vrana / Helga Jorge,PK BATCH LOG - LOT09092026-07.pdf,Miraxis,09/11/2026,Passed,LOT09092026-07 COA,9/12/2026,235,,,
9/9/2026,09092026-08,401,Tirzepatide/Cyanocobalamin Inj Soln,30mg/0.5mg per mL,2,2.3,260,250,15,Jett Serrano/ Devin Phillps ,Alyssa Vrana /,PK Batch Log - LOT09092026-08.pdf,Miraxis,09/11/2026,Rejected,LOT09092026-08 COA,9/15/2026,0,,,
9/9/2026,09092026-09,401,Tirzepatide/Cyanocobalamin Inj Soln,30mg/0.5mg per mL,2,2.3,260,250,15,Jett Serrano/ Devin Phillps ,Alyssa Vrana / Helga Jorge,PK BATCH LOG - LOT09092026-09.pdf,Miraxis,09/11/2026,Passed,LOT09092026-09 COA,9/12/2026,235,,,
9/9/2026,09092026-10,401,Tirzepatide/Cyanocobalamin Inj Soln,30mg/0.5mg per mL,2,2.3,260,250,15,Jett Serrano/ Devin Phillps ,Alyssa Vrana / Helga Jorge,PK BATCH LOG - LOT09092026-10.pdf,Miraxis,09/11/2026,Passed,LOT09092026-10 COA,9/12/2026,235,,,
9/9/2026,09092026-11,405,Tirzepatide/Cyanocobalamin Inj Soln,15mg/0.5mg per mL,2,2.3,260,250,15,Jett Serrano/ Devin Phillps ,Alyssa Vrana / Helga Jorge,PK BATCH LOG - LOT09092026-11.pdf,Miraxis,09/11/2026,Passed,LOT09092026-11 COA,9/12/2026,235,,,
9/9/2026,09092026-12,405,Tirzepatide/Cyanocobalamin Inj Soln,15mg/0.5mg per mL,2,2.3,260,250,15,Jett Serrano/ Devin Phillps ,Alyssa Vrana / Helga Jorge,PK BATCH LOG - LOT09092026-12.pdf,Miraxis,09/11/2026,Passed,LOT09092026-12 COA,9/12/2026,235,,,
9/10/2026,09102026-01,409,Tirzepatide/Cyanocobalamin Inj Soln,10mg/0.5mg per mL,2,2.3,260,250,15,Jett Serrano/ Devin Phillps ,Alyssa Vrana / Helga Jorge,PK batch log  - LOT09102026-01.pdf,Miraxis,09/12/2026,Passed,LOT09102026-01 COA,9/15/2026,235,,,
9/10/2026,09102026-02,409,Tirzepatide/Cyanocobalamin Inj Soln,10mg/0.5mg per mL,2,2.3,260,250,15,Jett Serrano/ Devin Phillps ,Alyssa Vrana / Helga Jorge,PK batch log  - LOT09102026-02.pdf,Miraxis,09/12/2026,Passed,LOT09102026-02 COA,9/15/2026,235,,,
9/10/2026,09102026-03,409,Tirzepatide/Cyanocobalamin Inj Soln,10mg/0.5mg per mL,2,2.3,260,250,15,Jett Serrano/ Devin Phillps ,Alyssa Vrana / Helga Jorge,PK batch log  - LOT09102026-03.pdf,Miraxis,09/12/2026,Passed,LOT09102026-03 COA,9/15/2026,235,,,
9/10/2026,09102026-04,407,Tirzepatide/Cyanocobalamin Inj Soln,20mg/0.5mg per mL,2,2.3,260,250,15,Jett Serrano/ Devin Phillps ,Alyssa Vrana / Helga Jorge,PK batch log  - LOT09102026-04.pdf,Miraxis,09/12/2026,Passed,LOT09102026-04 COA,9/15/2026,235,,,
9/10/2026,09102026-05,407,Tirzepatide/Cyanocobalamin Inj Soln,20mg/0.5mg per mL,2,2.3,260,250,15,Jett Serrano/ Devin Phillps ,Alyssa Vrana / Helga Jorge,PK batch log  - LOT09102026-05.pdf,Miraxis,09/12/2026,Passed,LOT09102026-05 COA,9/15/2026,235,,,
9/10/2026,09102026-06,407,Tirzepatide/Cyanocobalamin Inj Soln,20mg/0.5mg per mL,2,2.3,260,250,15,Jett Serrano/ Devin Phillps ,Alyssa Vrana /Helga Jorge/Gina Jackson,PK Batch Log - LOT09102026-06.pdf,Miraxis,09/12/2026,Passed,LOT09102026-06 COA,9/15/2026,235,,,
9/10/2026,09102026-07,406,Tirzepatide/Glycine Inj Soln,20mg/0.5mg per mL,2,2.3,260,250,15,Jett Serrano/ Devin Phillps ,Alyssa Vrana /Helga Jorge/Gina Jackson,PK Batch Log - LOT09102026-07.pdf,Miraxis,09/12/2026,Passed,LOT09102026-07 COA,9/15/2026,224,,,
9/10/2026,09102026-08,406,Tirzepatide/Glycine Inj Soln,20mg/0.5mg per mL,2,2.3,260,250,15,Jett Serrano/ Devin Phillps ,Alyssa Vrana / Helga Jorge,PK Batch Log - LOT09102026-08.pdf,Miraxis,09/12/2026,Passed,LOT09102026-08 COA,9/15/2026,235,,,
9/10/2026,09102026-09,406,Tirzepatide/Glycine Inj Soln,20mg/0.5mg per mL,2,2.3,260,242,15,Jett Serrano/ Devin Phillps ,Alyssa Vrana / Helga Jorge,PK Batch Log - LOT09102026-09.pdf,Miraxis,09/12/2026,Passed,LOT09102026-09 COA,9/15/2026,226,,,
9/10/2026,09102026-10,408,Tirzepatide/Glycine Inj Soln,10mg/0.5mg per mL,2,2.3,260,250,15,Jett Serrano/ Devin Phillps ,Alyssa Vrana /Helga Jorge/Gina Jackson,PK Batch Log - LOT09102026-10.pdf,Miraxis,09/12/2026,Passed,LOT09102026-10 COA,9/15/2026,235,,,
9/10/2026,09102026-11,402,Tirzepatide/Glycine Inj Soln,30mg/0.5mg per mL,2,2.3,260,249,15,Jett Serrano/ Devin Phillps ,Alyssa Vrana /Helga Jorge/Gina Jackson,PK Batch Log - LOT09102026-11.pdf,Miraxis,09/12/2026,Passed,LO0T 09102026-11 COA,9/17/2026,234,,,
9/10/2026,09102026-12,402,Tirzepatide/Glycine Inj Soln,30mg/0.5mg per mL,2,2.3,260,250,15,Jett Serrano/ Devin Phillps ,Alyssa Vrana /Helga Jorge/Gina Jackson,PK Batch Log - LOT09102026-12.pdf,Miraxis,09/12/2026,Passed,LOT09102026-12 COA.pdf,9/17/2026,235,,,
9/11/2026,09112026-01,411,Tirzepatide/Cyanocobalamin Inj Soln,25mg/0.5mg per mL,2,2.3,260,250,15,Jett Serrano/ Devin Phillps ,Alyssa Vrana /Helga Jorge/Gina Jackson,PK Batch Log - LOT09112026-01.pdf,Miraxis,09/16/2026,Passed,LOT09112026-01 COA,9/17/2026,235,,,
9/11/2026,09112026-02,411,Tirzepatide/Cyanocobalamin Inj Soln,25mg/0.5mg per mL,2,2.3,260,250,15,Jett Serrano/ Devin Phillps ,Alyssa Vrana /Helga Jorge/Gina Jackson,PK Batch Log - LOT09112026-02.pdf,Miraxis,09/16/2026,Passed,LOT09112026-02 COA,9/17/2026,235,,,
9/11/2026,09112026-03,410,Tirzepatide/Glycine Inj Soln,25mg/0.5mg per mL,2,2.3,260,250,15,Jett Serrano/ Devin Phillps ,Alyssa Vrana /Helga Jorge/Gina Jackson,PK Batch Log - LOT09112026-03.pdf,Miraxis,09/16/2026,Passed,LOT09112026-03 COA,9/17/2026,235,,,
9/11/2026,09112026-04,404,Tirzepatide/Glycine Inj Soln,15mg/0.5mg per mL,2,2.3,260,250,15,Jett Serrano/ Devin Phillps ,Alyssa Vrana /Helga Jorge/Gina Jackson,PK Batch Log - LOT09112026-04.pdf,Miraxis,09/16/2026,Passed,LOT09112026-04 COA,9/17/2026,235,,,
9/11/2026,09112026-05,404,Tirzepatide/Glycine Inj Soln,15mg/0.5mg per mL,2,2.3,260,250,15,Jett Serrano/ Devin Phillps ,Alyssa Vrana /Helga Jorge/Gina Jackson,PK Batch Log - LOT09112026-05.pdf,Miraxis,09/16/2026,Passed,LOT09112026-05 COA,9/17/2026,235,,,
9/11/2026,09112026-06,398,Tirzepatide/Cyanocobalamin Inj Soln,5mg/0.5mg per mL,2,2.3,260,250,15,Jett Serrano/ Devin Phillps ,Alyssa Vrana /Helga Jorge/Gina Jackson,PK Batch Log - LOT09112026-06.pdf,Miraxis,09/16/2026,Passed,LOT09112026-06 COA,9/17/2026,235,,,
9/11/2026,09112026-07,398,Tirzepatide/Cyanocobalamin Inj Soln,5mg/0.5mg per mL,2,2.3,260,250,15,Jett Serrano/ Devin Phillps ,Alyssa Vrana /Helga Jorge/Gina Jackson,PK Batch Log - LOT09112026-07.pdf,Miraxis,09/16/2026,Passed,LOT09112026-07 COA,9/17/2026,235,,,
9/11/2026,09112026-08,400,Tirzepatide/Glycine Inj Soln,5mg/0.5mg per mL,2,2.3,260,250,15,Jett Serrano/ Devin Phillps ,Alyssa Vrana /Helga Jorge/Gina Jackson,PK Batch Log - LOT09112026-08.pdf,Miraxis,09/16/2026,Passed,LOT09112026-08 COA,9/17/2026,235,,,
9/11/2026,09112026-09,407,Tirzepatide/Cyanocobalamin Inj Soln,20mg/0.5mg per mL,2,2.3,260,238,15,Jett Serrano/ Devin Phillps ,Alyssa Vrana /Helga Jorge/Gina Jackson,PK Batch Log - LOT09112026-09.pdf,Miraxis,09/16/2026,Passed,LOT09112026-09 COA,9/17/2026,223,,,
9/11/2026,09112026-10,407,Tirzepatide/Cyanocobalamin Inj Soln,20mg/0.5mg per mL,2,2.3,260,250,15,Jett Serrano/ Devin Phillps ,Alyssa Vrana /Helga Jorge/Gina Jackson,PK Batch Log - LOT09112026-10.pdf,Miraxis,09/16/2026,Passed,LOT09112026-10 COA,9/17/2026,235,,,
9/12/2026,09122026-01,402,Tirzepatide/Glycine Inj Soln,30mg/0.5mg per mL,2,2.3,260,225,15,,Suresh Marimuthu/Helga Jorge,PK batch log - LOT09122026-01.pdf,Miraxis,09/17/2026,Passed,LOT09122026-01 COA,9/17/2026,211,,,
9/12/2026,09122026-02,402,Tirzepatide/Glycine Inj Soln,30mg/0.5mg per mL,2,2.3,260,247,15,,Suresh Marimuthu/Helga Jorge,PK Batch Log - LOT09122026-02.pdf,Miraxis,09/17/2026,Passed,LOT09122026-02 COA,9/17/2026,232,,,
9/12/2026,09122026-03,402,Tirzepatide/Glycine Inj Soln,30mg/0.5mg per mL,2,2.3,260,250,15,,Suresh Marimuthu/Helga Jorge,PK Batch Log - LOT09122026-03.pdf,Miraxis,09/17/2026,Passed,LOT09122026-03 COA,9/17/2026,235,,,
9/12/2026,09122026-04,402,Tirzepatide/Glycine Inj Soln,30mg/0.5mg per mL,2,2.3,260,250,15,,Suresh Marimuthu/Helga Jorge,PK Batch Log - LOT09122026-04.pdf,Miraxis,09/17/2026,Passed,LOT09122026-04 COA,9/17/2026,235,,,
9/12/2026,09122026-05,402,Tirzepatide/Glycine Inj Soln,30mg/0.5mg per mL,2,2.3,260,250,15,,Suresh Marimuthu/Helga Jorge,PK Batch Log - LOT09122026-05.pdf,Miraxis,09/17/2026,Passed,LOT09122026-05 COA,9/17/2026,235,,,
9/12/2026,09122026-06,404,Tirzepatide/Glycine Inj Soln,15mg/0.5mg per mL,2,2.3,260,250,15,,Suresh Marimuthu/Helga Jorge,PK Batch Log - LOT09122026-06.pdf,Miraxis,09/17/2026,Passed,LOT09122026-06 COA,9/17/2026,235,,,
9/12/2026,09122026-07,404,Tirzepatide/Glycine Inj Soln,15mg/0.5mg per mL,2,2.3,260,250,15,,Suresh Marimuthu/Helga Jorge,PK Batch Log - LOT09122026-07.pdf,Miraxis,09/17/2026,Passed,LOT09122026-07 COA,9/17/2026,235,,,
9/12/2026,09122026-08,404,Tirzepatide/Glycine Inj Soln,15mg/0.5mg per mL,2,2.3,260,250,15,,Suresh Marimuthu/Helga Jorge,PK Batch Log - LOT09122026-08.pdf,Miraxis,09/17/2026,Passed,LOT09122026-08 COA,9/17/2026,235,,,
9/12/2026,09122026-09,404,Tirzepatide/Glycine Inj Soln,15mg/0.5mg per mL,2,2.3,260,247,15,,Suresh Marimuthu/Helga Jorge,PK Batch Log - LOT09122026-09.pdf,Miraxis,09/17/2026,Passed,LOT09122026-01 COA,9/17/2026,232,,,
9/12/2026,09122026-10,404,Tirzepatide/Glycine Inj Soln,15mg/0.5mg per mL,2,2.3,260,249,15,,Suresh Marimuthu/Helga Jorge,PK Batch Log - LOT09122026-10.pdf,Miraxis,09/17/2026,Passed,LOT09122026-10 COA,9/17/2026,234,,,
9/14/2026,09142026-01,402,Tirzepatide/Glycine Inj Soln,30mg/0.5mg per mL,2,2.3,260,250,15,Jonathan Toole/ Devin Phillips,Alyssa Vrana /Helga Jorge/Gina Jackson,PK Batch Log - LOT09142026-01.pdf,Miraxis,09/17/2026,Passed,LOT09142026-01 COA,9/17/2026,235,,,
9/14/2026,09142026-02,402,Tirzepatide/Glycine Inj Soln,30mg/0.5mg per mL,2,2.3,260,249,15,Jonathan Toole/ Devin Phillips,Alyssa Vrana /Helga Jorge/Gina Jackson,PK Batch Log - LOT09142026-02.pdf,Miraxis,09/17/2026,Passed,LOT09142026-02 COA,9/17/2026,234,,,
9/14/2026,09142026-03,402,Tirzepatide/Glycine Inj Soln,30mg/0.5mg per mL,2,2.3,260,250,15,Jonathan Toole/ Devin Phillips,Alyssa Vrana /Helga Jorge/Gina Jackson,PK Batch Log - LOT09142026-03.pdf,Miraxis,09/17/2026,Passed,LOT09142026-03 COA,9/17/2026,235,,,
9/14/2026,09142026-04,402,Tirzepatide/Glycine Inj Soln,30mg/0.5mg per mL,2,2.3,260,250,15,Jonathan Toole/ Devin Phillips,Alyssa Vrana /Helga Jorge/Gina Jackson,PK Batch Log - LOT09142026-04.pdf,Miraxis,09/17/2026,Passed,LOT09142026-04 COA,9/17/2026,235,,,
9/14/2026,09142026-05,402,Tirzepatide/Glycine Inj Soln,30mg/0.5mg per mL,2,2.3,260,249,15,Jonathan Toole/ Devin Phillips,Alyssa Vrana /Helga Jorge/Gina Jackson,PK Batch Log - LOT09142026-05.pdf,Miraxis,09/17/2026,Passed,LOT09142026-05 COA,9/17/2026,234,,,
9/14/2026,09142026-06,402,Tirzepatide/Glycine Inj Soln,30mg/0.5mg per mL,2,2.3,260,250,15,Jonathan Toole/ Devin Phillips,Alyssa Vrana /Helga Jorge/Gina Jackson,PK Batch Log - LOT09142026-06.pdf,Miraxis,09/17/2026,Passed,LOT09142026-06 COA,9/17/2026,235,,,
9/14/2026,09142026-07,409,Tirzepatide/Cyanocobalamin Inj Soln,10mg/0.5mg per mL,2,2.3,260,250,15,Jonathan Toole/ Devin Phillips,Alyssa Vrana /Helga Jorge/Gina Jackson,PK Batch Log - LOT09142026-07.pdf,Miraxis,09/17/2026,Passed,LOT09142026-07 COA,9/17/2026,235,,,
9/14/2026,09142026-08,409,Tirzepatide/Cyanocobalamin Inj Soln,10mg/0.5mg per mL,2,2.3,260,250,15,Jonathan Toole/ Devin Phillips,Alyssa Vrana /Helga Jorge/Gina Jackson,PK Batch Log - LOT09142026-08.pdf,Miraxis,09/17/2026,Passed,LOT09142026-08 COA,9/17/2026,235,,,
9/14/2026,09142026-09,405,Tirzepatide/Cyanocobalamin Inj Soln,15mg/0.5mg per mL,2,2.3,260,250,15,Jonathan Toole/ Devin Phillips,Alyssa Vrana /Helga Jorge/Gina Jackson,PK Batch Log - LOT09142026-09.pdf,Miraxis,09/17/2026,Passed,LOT09142026-09 COA,9/24/2026,235,,PRx-CAPA-011,Retested lot with correct reference Bulk product - SEE CAPA for reference
9/14/2026,09142026-10,398,Tirzepatide/Cyanocobalamin Inj Soln,5mg/0.5mg per mL,2,2.3,260,250,15,Jonathan Toole/ Devin Phillips,Alyssa Vrana /Helga Jorge/Gina Jackson,PK Batch Log - LOT09142026-10.pdf,Miraxis,09/17/2026,Passed,LOT09142026-10 COA,9/24/2026,235,,PRx-CAPA-011,Retested lot with correct reference Bulk product - SEE CAPA for reference
9/14/2026,09142026-11,400,Tirzepatide/Glycine Inj Soln,5mg/0.5mg per mL,2,2.3,260,250,15,Jonathan Toole/ Devin Phillips,Alyssa Vrana /Helga Jorge/Gina Jackson,PK Batch Log - LOT09142026-11.pdf,Miraxis,09/17/2026,Passed,LOT09142026-11 COA,9/17/2026,235,,,
9/14/2026,09142026-12,408,Tirzepatide/Glycine Inj Soln,10mg/0.5mg per mL,2,2.3,260,250,15,Jonathan Toole/ Devin Phillips,Alyssa Vrana /Helga Jorge/Gina Jackson,PK Batch Log - LOT09142026-12.pdf,Miraxis,09/17/2026,Passed,LOT09142026-12 COA,9/17/2026,235,,,
9/14/2026,09142026-13,408,Tirzepatide/Glycine Inj Soln,10mg/0.5mg per mL,2,2.3,260,250,15,Jonathan Toole/ Devin Phillips,Alyssa Vrana /Helga Jorge/Gina Jackson,PK Batch Log - LOT09142026-13.pdf,Miraxis,09/17/2026,Passed,LOT09142026-13 COA,9/17/2026,235,,,
9/14/2026,09142026-14,408,Tirzepatide/Glycine Inj Soln,10mg/0.5mg per mL,2,2.3,260,250,15,Jonathan Toole/ Devin Phillips,Alyssa Vrana /Helga Jorge/Gina Jackson,PK Batch Log - LOT09142026-14.pdf,Miraxis,09/17/2026,Passed,LOT09142026-14 COA,9/17/2026,235,,,
9/15/2026,09152026-01,402,Tirzepatide/Glycine Inj Soln,30mg/0.5mg per mL,2,2.3,260,249,15,Jett Serrano/ Devin Phillips,Alyssa Vrana /Helga Jorge/Gina Jackson,PK Batch Log - LOT09152026-01.pdf,Miraxis,09/17/2026,Passed,LOT09152026-01 COA,9/24/2026,234,,PRx-CAPA-011,Retested lot with correct reference Bulk product - SEE CAPA for reference
9/15/2026,09152026-02,402,Tirzepatide/Glycine Inj Soln,30mg/0.5mg per mL,2,2.3,260,235,15,Jett Serrano/ Devin Phillips,Alyssa Vrana /Helga Jorge/Gina Jackson,PK batch log - LOT09152025-02.pdf,Miraxis,09/17/2026,Passed,LOT09152026-02 COA,9/18/2026,235,,,
9/15/2026,09152026-03,402,Tirzepatide/Glycine Inj Soln,30mg/0.5mg per mL,2,2.3,260,250,30,Jett Serrano/ Devin Phillips,Alyssa Vrana /Helga Jorge/Gina Jackson,PK Batch Log - LOT09152026-03.pdf,Miraxis,09/17/2026,Passed,LOT09152026-03 COA LOT091520206-03 COA ScanRDI/ENDO 09/21/2026,9/24/2026,220,,PRx-CAPA-011,Retested lot with correct reference Bulk product - SEE CAPA for reference
9/15/2026,09152026-04,402,Tirzepatide/Glycine Inj Soln,30mg/0.5mg per mL,2,2.3,260,250,15,Jett Serrano/ Devin Phillips,Alyssa Vrana /Helga Jorge/Gina Jackson,PK Batch Log - LOT09152026-04.pdf,Miraxis,09/17/2026,Passed,LOT09152026-04 COA,9/24/2026,235,,PRx-CAPA-011,Retested lot with correct reference Bulk product - SEE CAPA for reference
9/15/2026,09152026-05,402,Tirzepatide/Glycine Inj Soln,30mg/0.5mg per mL,2,2.3,260,234,15,Jett Serrano/ Devin Phillips,Alyssa Vrana /Helga Jorge/Gina Jackson,PK batch log - LOT09152026-05.pdf,Miraxis,09/17/2026,Passed,LOT09152026-05 COA,9/18/2026,234,,,
9/15/2026,09152026-06,402,Tirzepatide/Glycine Inj Soln,30mg/0.5mg per mL,2,2.3,260,250,15,Jett Serrano/ Devin Phillips,Alyssa Vrana /Helga Jorge/Gina Jackson,PK Batch Log - LOT09152026-06.pdf,Miraxis,09/17/2026,Passed,LOT09152026-06 COA,9/24/2026,235,,PRx-CAPA-011,Retested lot with correct reference Bulk product - SEE CAPA for reference
9/15/2026,09152026-07,409,Tirzepatide/Cyanocobalamin Inj Soln,10mg/0.5mg per mL,2,2.3,260,240,15,Jett Serrano/ Devin Phillips,Alyssa Vrana /Helga Jorge/Gina Jackson,PK Batch Log - LOT09152026-07.pdf,Miraxis,09/17/2026,Passed,LOT09152026-07 COA,9/18/2026,225,,,
9/15/2026,09152026-08,409,Tirzepatide/Cyanocobalamin Inj Soln,10mg/0.5mg per mL,2,2.3,260,248,15,Jett Serrano/ Devin Phillips,Alyssa Vrana /Helga Jorge/Gina Jackson,PK Batch Log - LOT09152026-08.pdf,Miraxis,09/17/2026,Passed,LOT09152026-08 COA,9/18/2026,233,,,
9/15/2026,09152026-09,405,Tirzepatide/Cyanocobalamin Inj Soln,15mg/0.5mg per mL,2,2.3,260,235,15,Jett Serrano/ Devin Phillips,Alyssa Vrana /Helga Jorge/Gina Jackson,PK Batch Log - LOT09152026-09.pdf,Miraxis,09/17/2026,Passed,LOT09152026-09 COA,9/18/2026,220,,,
9/15/2026,09152026-10,410,Tirzepatide/Glycine Inj Soln,25mg/0.5mg per mL,2,2.3,260,250,15,Jett Serrano/ Devin Phillips,Alyssa Vrana /Helga Jorge/Gina Jackson,PK batch log - LOT09152026-10.pdf,Miraxis,09/17/2026,Passed,LOT09152026-10 COA,9/18/2026,235,,,
9/15/2026,09152026-11,408,Tirzepatide/Glycine Inj Soln,10mg/0.5mg per mL,2,2.3,260,250,15,Jett Serrano/ Devin Phillips,Alyssa Vrana /Helga Jorge/Gina Jackson,PK batch log - LOT09152026-11.pdf,Miraxis,09/17/2026,Passed,LOT09152026-11 COA,9/18/2026,235,,,
9/15/2026,09152026-12,401,Tirzepatide/Cyanocobalamin Inj Soln,30mg/0.5mg per mL,2,2.3,260,242,15,Jett Serrano/ Devin Phillips,Alyssa Vrana /Helga Jorge/Gina Jackson,PK Batch Log - LOT09152026-12.pdf,Miraxis,09/17/2026,Passed,LOT09152026-12 COA,9/18/2026,227,,,
9/15/2026,09152026-13,401,Tirzepatide/Cyanocobalamin Inj Soln,30mg/0.5mg per mL,2,2.3,260,244,15,Jett Serrano/ Devin Phillips,Alyssa Vrana /Helga Jorge/Gina Jackson,PK Batch Log - LOT09152026-13.pdf,Miraxis,09/17/2026,Passed,LOT09152026-13 COA,9/18/2026,229,,,
9/15/2026,09152026-14,401,Tirzepatide/Cyanocobalamin Inj Soln,30mg/0.5mg per mL,2,2.3,260,250,15,Jett Serrano/ Devin Phillips,Alyssa Vrana /Helga Jorge/Gina Jackson,PK Batch Log - LOT09152026-14.pdf,Miraxis,09/17/2026,Passed,LOT09152026-14 COA,9/18/2026,235,,,
9/16/2026,09162026-01,402,Tirzepatide/Glycine Inj Soln,30mg/0.5mg per mL,2,2.3,260,250,15,Jett Serrano/ Devin Phillips,Alyssa Vrana /Helga Jorge/Gina Jackson,PK Batch Log - LOT09162026-01.pdf,Miraxis,09/21/2026,Passed,LOT09162026-01 COA,9/21/2026,235,,,
9/16/2026,09162026-02,402,Tirzepatide/Glycine Inj Soln,30mg/0.5mg per mL,2,2.3,260,250,15,Jett Serrano/ Devin Phillips,Alyssa Vrana /Helga Jorge/Gina Jackson,PK Batch Log - LOT09162026-02.pdf,Miraxis,09/21/2026,Passed,LOT09162026-02 COA,9/21/2026,235,,,
9/16/2026,09162026-03,402,Tirzepatide/Glycine Inj Soln,30mg/0.5mg per mL,2,2.3,260,250,15,Jett Serrano/ Devin Phillips,Alyssa Vrana /Helga Jorge/Gina Jackson,PK Batch Log - LOT09162026-03.pdf,Miraxis,09/21/2026,Passed,LOT09162026-03 COA,9/21/2026,235,,,
9/16/2026,09162026-04,402,Tirzepatide/Glycine Inj Soln,30mg/0.5mg per mL,2,2.3,260,250,15,Jett Serrano/ Devin Phillips,Alyssa Vrana /Helga Jorge/Gina Jackson,PK Batch Log - LOT09162026-04.pdf,Miraxis,09/21/2026,Passed,LOT09162026-04 COA,9/21/2026,235,,,
9/16/2026,09162026-05,402,Tirzepatide/Glycine Inj Soln,30mg/0.5mg per mL,2,2.3,260,250,15,Jett Serrano/ Devin Phillips,Alyssa Vrana /Helga Jorge/Gina Jackson,PK Batch Log - LOT09162026-05.pdf,Miraxis,09/21/2026,Passed,LOT09162026-05 COA,9/21/2026,235,,,
9/16/2026,09162026-06,402,Tirzepatide/Glycine Inj Soln,30mg/0.5mg per mL,2,2.3,260,250,15,Jett Serrano/ Devin Phillips,Alyssa Vrana /Helga Jorge/Gina Jackson,PK batch log - LOT09162026-06.pdf,Miraxis,09/21/2026,Passed,LOT09162026-06 COA,9/21/2026,235,,,
9/16/2026,09162026-07,402,Tirzepatide/Glycine Inj Soln,30mg/0.5mg per mL,2,2.3,260,250,15,Jett Serrano/ Devin Phillips,Alyssa Vrana /Helga Jorge/Gina Jackson,PK batch log - LOT09162026-07.pdf,Miraxis,09/21/2026,Passed,LOT09162026-07 COA,9/21/2026,235,,,
9/16/2026,09162026-08,402,Tirzepatide/Glycine Inj Soln,30mg/0.5mg per mL,2,2.3,260,250,15,Jett Serrano/ Devin Phillips,Alyssa Vrana /Helga Jorge/Gina Jackson,PK batch log - LOT09162026-08.pdf,Miraxis,09/21/2026,Passed,LOT09162026-08 COA,9/21/2026,235,,,
9/16/2026,09162026-09,402,Tirzepatide/Glycine Inj Soln,30mg/0.5mg per mL,2,2.3,260,212,15,Jett Serrano/ Devin Phillips,Alyssa Vrana /Helga Jorge/Gina Jackson,PK Batch Log - LOT09162026-09.pdf,Miraxis,09/21/2026,Passed,LOT09162026-09 COA,9/21/2026,197,,,
9/16/2026,09162026-10,407,Tirzepatide/Cyanocobalamin Inj Soln,20mg/0.5mg per mL,2,2.3,260,250,15,Jett Serrano/ Devin Phillips,Alyssa Vrana /Helga Jorge/Gina Jackson,PK batch log - LOT09162026-10.pdf,Miraxis,09/21/2026,Passed,LOT09162026-10 COA,9/21/2026,235,,,
9/16/2026,09162026-11,407,Tirzepatide/Cyanocobalamin Inj Soln,20mg/0.5mg per mL,2,2.3,260,250,15,Jett Serrano/ Devin Phillips,Alyssa Vrana /Helga Jorge/Gina Jackson,PK batch log - LOT09162026-11.pdf,Miraxis,09/21/2026,Passed,LOT09162026-11 COA,9/21/2026,235,,,
9/16/2026,09162026-12,407,Tirzepatide/Cyanocobalamin Inj Soln,20mg/0.5mg per mL,2,2.3,260,250,15,Jett Serrano/ Devin Phillips,Alyssa Vrana /Helga Jorge/Gina Jackson,PK Batch Log - LOT09162026-12.pdf,Miraxis,09/21/2026,Passed,LOT09162026-12 COA,9/21/2026,235,,,
9/16/2026,09162026-13,407,Tirzepatide/Cyanocobalamin Inj Soln,20mg/0.5mg per mL,2,2.3,260,250,15,Jett Serrano/ Devin Phillips,Alyssa Vrana /Helga Jorge/Gina Jackson,PK batch log - LOT09162026-13.pdf,Miraxis,09/21/2026,Passed,LOT09162026-13 COA,9/21/2026,235,,,
9/16/2026,09162026-14,405,Tirzepatide/Cyanocobalamin Inj Soln,15mg/0.5mg per mL,2,2.3,260,250,15,Jett Serrano/ Devin Phillips,Alyssa Vrana /Helga Jorge/Gina Jackson,PK batch log - LOT09162026-14.pdf,Miraxis,09/21/2026,Passed,LOT09162026-14 COA,9/21/2026,235,,,
9/17/2026,09172026-01,404,Tirzepatide/Glycine Inj Soln,15mg/0.5mg per mL,2,2.3,260,250,15,Jett Serrano/ Devin Phillips,Alyssa Vrana /Helga Jorge/Gina Jackson,,Miraxis,09/22/2026,Passed,LOT09172026-01 COA,9/22/2026,235,,,
9/17/2026,09172026-02,404,Tirzepatide/Glycine Inj Soln,15mg/0.5mg per mL,2,2.3,260,250,15,Jett Serrano/ Devin Phillips,Alyssa Vrana /Helga Jorge/Gina Jackson,,Miraxis,09/22/2026,Passed,LOT09172026-02 COA,9/24/2026,235,,PRx-CAPA-012,Retested lot with correct reference Bulk product - SEE CAPA for reference
9/17/2026,09172026-03,404,Tirzepatide/Glycine Inj Soln,15mg/0.5mg per mL,2,2.3,260,250,15,Jett Serrano/ Devin Phillips,Alyssa Vrana /Helga Jorge/Gina Jackson,,Miraxis,09/22/2026,Passed,LOT09172026-03 COA,9/24/2026,235,,PRx-CAPA-012,Retested lot with correct reference Bulk product - SEE CAPA for reference
9/17/2026,09172026-04,404,Tirzepatide/Glycine Inj Soln,15mg/0.5mg per mL,2,2.3,260,250,15,Jett Serrano/ Devin Phillips,Alyssa Vrana /Helga Jorge/Gina Jackson,,Miraxis,09/22/2026,Passed,LOT09172026-04 COA,9/22/2026,235,,,
9/17/2026,09172026-05,406,Tirzepatide/Glycine Inj Soln,20mg/0.5mg per mL,2,2.3,260,250,15,Jett Serrano/ Devin Phillips,Alyssa Vrana /Helga Jorge/Gina Jackson,,Miraxis,09/22/2026,Passed,LOT09172026-05 COA,9/22/2026,235,,,
9/17/2026,09172026-06,406,Tirzepatide/Glycine Inj Soln,20mg/0.5mg per mL,2,2.3,260,250,15,Jett Serrano/ Devin Phillips,Alyssa Vrana /Helga Jorge/Gina Jackson,,Miraxis,09/22/2026,Passed,LOT09172026-06 COA,9/22/2026,235,,,
9/17/2026,09172026-07,406,Tirzepatide/Glycine Inj Soln,20mg/0.5mg per mL,2,2.3,260,250,15,Jett Serrano/ Devin Phillips,Helga Jorge/,,Miraxis,09/22/2026,Rejected,LOT09172026-07 COA-potency failed,,0,235,PRx-CAPA-012,Retested and still underpotent
9/17/2026,09172026-08,405,Tirzepatide/Cyanocobalamin Inj Soln,15mg/0.5mg per mL,2,2.3,260,250,15,Jett Serrano/ Devin Phillips,Alyssa Vrana /Helga Jorge/Gina Jackson,,Miraxis,09/22/2026,Passed,LOT09172026-08 COA,9/24/2026,235,,PRx-CAPA-012,Retested lot with correct reference Bulk product - SEE CAPA for reference
9/17/2026,09172026-09,407,Tirzepatide/Cyanocobalamin Inj Soln,20mg/0.5mg per mL,2,2.3,260,250,15,Jett Serrano/ Devin Phillips,Alyssa Vrana /Helga Jorge/Gina Jackson,,Miraxis,09/22/2026,Passed,LOT09172026-09 COA,9/24/2026,235,,PRx-CAPA-012,Retested lot with correct reference Bulk product - SEE CAPA for reference
9/17/2026,09172026-10,407,Tirzepatide/Cyanocobalamin Inj Soln,20mg/0.5mg per mL,2,2.3,260,248,15,Jett Serrano/ Devin Phillips,Alyssa Vrana /Helga Jorge/Gina Jackson,,Miraxis,09/22/2026,Passed,LOT09172026-10 COA,9/22/2026,233,,,
9/17/2026,09172026-11,406,Tirzepatide/Glycine Inj Soln,20mg/0.5mg per mL,2,2.3,260,250,15,Jett Serrano/ Devin Phillips,Alyssa Vrana /Helga Jorge/Gina Jackson,,Miraxis,09/22/2026,Passed,LOT09172026-11 COA,9/22/2026,235,,,
9/17/2026,09172026-12,406,Tirzepatide/Glycine Inj Soln,20mg/0.5mg per mL,2,2.3,260,250,15,Jett Serrano/ Devin Phillips,Alyssa Vrana /Helga Jorge/Gina Jackson,,Miraxis,09/22/2026,Passed,LOT09172026-12 COA,9/24/2026,235,,PRx-CAPA-012,Retested lot with correct reference Bulk product - SEE CAPA for reference
9/17/2026,09172026-13,406,Tirzepatide/Glycine Inj Soln,20mg/0.5mg per mL,2,2.3,260,250,15,Jett Serrano/ Devin Phillips,Alyssa Vrana /Helga Jorge/Gina Jackson,,Miraxis,09/22/2026,Passed,LOT09172026-13 COA,9/22/2026,235,,,
9/17/2026,09172026-14,406,Tirzepatide/Glycine Inj Soln,20mg/0.5mg per mL,2,2.3,260,250,15,Jett Serrano/ Devin Phillips,Alyssa Vrana /Helga Jorge/Gina Jackson,,Miraxis,09/22/2026,Passed,LOT09172026-14 COA,9/22/2026,235,,,
9/18/2026,09182026-01,401,Tirzepatide/Cyanocobalamin Inj Soln,30mg/0.5mg per mL,2,2.3,260,250,15,Jett Serrano/ Devin Phillips,Alyssa Vrana /,,Miraxis,09/22/2026,Passed,Lot09182026-01-COA.pdf,9/25/2026,235,,,
9/18/2026,09182026-02,401,Tirzepatide/Cyanocobalamin Inj Soln,30mg/0.5mg per mL,2,2.3,260,250,15,Jett Serrano/ Devin Phillips,Alyssa Vrana /,,Miraxis,09/22/2026,Passed,Lot09182026-02-COA.pdf,9/25/2026,235,,,
9/18/2026,09182026-03,401,Tirzepatide/Cyanocobalamin Inj Soln,30mg/0.5mg per mL,2,2.3,260,250,15,Jett Serrano/ Devin Phillips,Alyssa Vrana /,,Miraxis,09/22/2026,Passed,Lot09182026-03-COA.pdf,9/25/2026,235,,,
9/18/2026,09182026-04,401,Tirzepatide/Cyanocobalamin Inj Soln,30mg/0.5mg per mL,2,2.3,260,250,15,Jett Serrano/ Devin Phillips,Alyssa Vrana /,,Miraxis,09/22/2026,Passed,Lot09182026-04-COA.pdf,9/25/2026,235,,,
9/18/2026,09182026-05,401,Tirzepatide/Cyanocobalamin Inj Soln,30mg/0.5mg per mL,2,2.3,260,250,15,Jett Serrano/ Devin Phillips,Alyssa Vrana /,,Miraxis,09/22/2026,Passed,Lot09182026-05-COA.pdf,9/25/2026,235,,,
9/18/2026,09182026-06,401,Tirzepatide/Cyanocobalamin Inj Soln,30mg/0.5mg per mL,2,2.3,260,250,15,Jett Serrano/ Devin Phillips,Alyssa Vrana /,,Miraxis,09/22/2026,Passed,Lot09182026-06-COA.pdf,9/25/2026,235,,,
9/18/2026,09182026-07,401,Tirzepatide/Cyanocobalamin Inj Soln,30mg/0.5mg per mL,2,2.3,260,250,15,Jett Serrano/ Devin Phillips,Alyssa Vrana /,,Miraxis,09/22/2026,Passed,Lot09182026-07-COA.pdf,9/25/2026,235,,,
9/18/2026,09182026-08,405,Tirzepatide/Cyanocobalamin Inj Soln,15mg/0.5mg per mL,2,2.3,260,246,15,Jett Serrano/ Devin Phillips,Alyssa Vrana /,,Miraxis,09/22/2026,Passed,Lot09182026-08-COA.pdf,9/25/2026,231,,,
9/18/2026,09182026-09,411,Tirzepatide/Cyanocobalamin Inj Soln,25mg/0.5mg per mL,2,2.3,260,250,15,Jett Serrano/ Devin Phillips,Alyssa Vrana /,,Miraxis,09/22/2026,Passed,Lot09182026-09-COA.pdf,9/25/2026,235,,,
9/18/2026,09182026-10,398,Tirzepatide/Cyanocobalamin Inj Soln,5mg/0.5mg per mL,2,2.3,260,250,15,Jett Serrano/ Devin Phillips,Alyssa Vrana /,,Miraxis,09/22/2026,Passed,Lot09182026-10-COA.pdf,9/25/2026,235,,,
9/18/2026,09182026-11,400,Tirzepatide/Glycine Inj Soln,5mg/0.5mg per mL,2,2.3,260,240,15,Jett Serrano/ Devin Phillips,Alyssa Vrana /,,Miraxis,09/22/2026,Passed,Lot09182026-11-COA.pdf,9/25/2026,225,,,
9/18/2026,09182026-12,408,Tirzepatide/Glycine Inj Soln,10mg/0.5mg per mL,2,2.3,260,236,15,Jett Serrano/ Devin Phillips,Alyssa Vrana /,,Miraxis,09/22/2026,Passed,Lot09182026-12-COA.pdf,9/25/2026,221,,,
9/18/2026,09182026-13,408,Tirzepatide/Glycine Inj Soln,15mg/0.5mg per mL,2,2.3,260,250,15,Jett Serrano/ Devin Phillips,Alyssa Vrana /,,Miraxis,09/22/2026,Passed,Lot09182026-13-COA.pdf,9/25/2026,235,,,
9/21/2026,09212026-01,402,Tirzepatide/Glycine Inj Soln,30mg/0.5mg per mL,2,2.3,260,237,15,,Alyssa Vrana /,PK batch log - LOT09212026-01.pdf,Miraxis,09/24/2026,Passed,LOT09212026-01 COA,9/24/2026,222,,,
9/21/2026,09212026-02,402,Tirzepatide/Glycine Inj Soln,30mg/0.5mg per mL,2,2.3,260,241,15,,Alyssa Vrana /Helga Jorge/Gina Jackson,PK batch log - LOT09212026-02.pdf,Miraxis,09/24/2026,Passed,LOT09212026-02 COA,9/24/2026,222,,,
9/21/2026,09212026-03,401,Tirzepatide/Cyanocobalamin Inj Soln,30mg/0.5mg per mL,2,2.3,260,241,15,,Alyssa Vrana /Helga Jorge/Gina Jackson,PK batch log - LOT09212026-03.pdf,Miraxis,09/24/2026,Passed,LOT09212026-03 COA,9/24/2026,226,,,
9/21/2026,09212026-04,401,Tirzepatide/Cyanocobalamin Inj Soln,30mg/0.5mg per mL,2,2.3,260,240,15,,Alyssa Vrana /Helga Jorge/Gina Jackson,PK batch log - LOT09212026-04.pdf,Miraxis,09/24/2026,Passed,LOT09212026-04 COA,9/24/2026,226,,,
9/21/2026,09212026-05,410,Tirzepatide/Glycine Inj Soln,25mg/0.5mg per mL,2,2.3,260,236,15,,Alyssa Vrana /Helga Jorge/Gina Jackson,PK batch log - LOT09212026-05.pdf,Miraxis,09/24/2026,Passed,LOT09212026-05 COA,9/24/2026,225,,,
9/21/2026,09212026-06,410,Tirzepatide/Glycine Inj Soln,25mg/0.5mg per mL,2,2.3,260,240,15,,Alyssa Vrana /Helga Jorge/Gina Jackson,PK batch log - LOT09212026-06.pdf,Miraxis,09/24/2026,Passed,LOT09212026-06 COA,9/24/2026,221,,,
9/21/2026,09212026-07,411,Tirzepatide/Cyanocobalamin Inj Soln,25mg/0.5mg per mL,2,2.3,260,235,15,,Alyssa Vrana /Helga Jorge/Gina Jackson,PK Batch Log - LOT09212026-07.pdf,Miraxis,09/24/2026,Passed,LOT09212026-07 COA,9/24/2026,225,,,
9/21/2026,09212026-08,411,Tirzepatide/Cyanocobalamin Inj Soln,25mg/0.5mg per mL,2,2.3,260,242,15,,Alyssa Vrana /Helga Jorge/Gina Jackson,PK Batch Log - LOT09212026-08.pdf,Miraxis,09/24/2026,Passed,LOT09212026-08 COA,9/24/2026,220,,,
9/21/2026,09212026-09,398,Tirzepatide/Cyanocobalamin Inj Soln,5mg/0.5mg per mL,2,2.3,260,239,15,,Alyssa Vrana /Helga Jorge/Gina Jackson,PK Batch Log - LOT09212026-09.pdf,Miraxis,09/24/2026,Passed,LOT09212026-09 COA,9/24/2026,227,,,
9/21/2026,09212026-10,407,Tirzepatide/Cyanocobalamin Inj Soln,20mg/0.5mg per mL,2,2.3,260,237,15,,Alyssa Vrana /Helga Jorge/Gina Jackson,PK Batch Log - LOT09212026-10.pdf,Miraxis,09/24/2026,Passed,LOT09212026-10 COA,9/24/2026,224,,,
9/21/2026,09212026-11,398,Tirzepatide/Cyanocobalamin Inj Soln,5mg/0.5mg per mL,2,2.3,260,246,15,,Alyssa Vrana /Helga Jorge/Gina Jackson,PK BATCH LOG- 09212026-11.pdf,Miraxis,09/24/2026,Passed,LOT09212026-11 COA,9/24/2026,222,,,
9/21/2026,09212026-12,400,Tirzepatide/Glycine Inj Soln,5mg/0.5mg per mL,2,2.3,260,238,15,,Alyssa Vrana /Helga Jorge/Gina Jackson,PK Batch Log - LOT09212026-12.pdf,Miraxis,09/24/2026,Passed,LOT09212026-12 COA,9/24/2026,231,,,
9/21/2026,09212026-13,405,Tirzepatide/Cyanocobalamin Inj Soln,15mg/0.5mg per mL,2,2.3,260,233,15,,Alyssa Vrana /Helga Jorge/Gina Jackson,PK batch log - LOT09212026-13.pdf,Miraxis,09/24/2026,Passed,LOT09212026-13 COA,9/24/2026,223,,,
9/21/2026,09212026-14,405,Tirzepatide/Cyanocobalamin Inj Soln,15mg/0.5mg per mL,2,2.3,260,247,15,,Alyssa Vrana /Helga Jorge/Gina Jackson,PK Batch Log - LOT09212026-14.pdf,Miraxis,09/24/2026,Passed,LOT09212026-14 COA,9/24/2026,218,,,
9/21/2026,09212026-15,405,Tirzepatide/Cyanocobalamin Inj Soln,15mg/0.5mg per mL,2,2.3,260,240,15,,Alyssa Vrana /Helga Jorge/Gina Jackson,PK batch log - LOT09212026-15.pdf,Miraxis,09/24/2026,Passed,LOT09212026-15 COA,9/24/2026,232,,,
9/21/2026,09212026-16,405,Tirzepatide/Cyanocobalamin Inj Soln,15mg/0.5mg per mL,2,2.3,260,246,15,,Alyssa Vrana /Helga Jorge/Gina Jackson,PK Batch Log - LOT09212026-16.pdf,Miraxis,09/24/2026,Passed,LOT09212026-16 COA,9/24/2026,225,,,
9/21/2026,09212026-17,432,Tirzepatide/Niacinamide/Depanthenol,10mg/5mg/10mg per mL,1,1.3,100,96,0,Carlos Alvarez/ Jonathan Toole,Suresh Marimuthu/Bryan Smith,PK BATCH LOG- 09212026-17.pdf,Miraxis,09/24/2026,Passed,LOT09212026-17 COA,9/24/2026,96,,,
9/21/2026,09212026-17,432,Tirzepatide/Niacinamide/Depanthenol,10mg/5mg/10mg per mL,2,2.3,100,96,0,Carlos Alvarez/ Jonathan Toole,Suresh Marimuthu/Bryan Smith,PK BATCH LOG- 09212026-17.pdf,Miraxis,09/24/2026,Passed,LOT09212026-17 COA,9/24/2026,96,,,
9/21/2026,09212026-17,432,Tirzepatide/Niacinamide/Depanthenol,10mg/5mg/10mg per mL,3,3.3,62,58,13,Carlos Alvarez/ Jonathan Toole,Suresh Marimuthu/Bryan Smith,PK BATCH LOG- 09212026-17.pdf,Miraxis,09/24/2026,Passed,LOT09212026-17 COA,9/24/2026,45,,,
9/21/2026,09212026-18,430,Tirzepatide/Niacinamide/Depanthenol,20mg/5mg/10mg per mL,2,2.3,100,96,0,Carlos Alvarez/ Jonathan Toole,Suresh Marimuthu/Bryan Smith,PK BATCH LOG- 09212026-18.pdf,Miraxis,09/24/2026,Passed,LOT09212026-18 COA,9/24/2026,96,,,
9/21/2026,09212026-18,430,Tirzepatide/Niacinamide/Depanthenol,20mg/5mg/10mg per mL,2.5,2.8,100,96,0,Carlos Alvarez/ Jonathan Toole,Suresh Marimuthu/Bryan Smith,PK BATCH LOG- 09212026-18.pdf,Miraxis,09/24/2026,Passed,LOT09212026-18 COA,9/24/2026,96,,,
9/21/2026,09212026-18,430,Tirzepatide/Niacinamide/Depanthenol,20mg/5mg/10mg per mL,3,3.3,62,58,13,Carlos Alvarez/ Jonathan Toole,Suresh Marimuthu/Bryan Smith,PK BATCH LOG- 09212026-18.pdf,Miraxis,09/24/2026,Passed,LOT09212026-18 COA,9/24/2026,45,,,
9/22/2026,09222026-01,402,Tirzepatide/Glycine Inj Soln,30mg/0.5mg per mL,2,2.3,260,230,15,,Alyssa Vrana /,PK batch log - LOT09222026-01.pdf,Miraxis,09/25/2026,Passed,Lot09222026-01-COA.pdf,9/25/2026,215,,,
9/22/2026,09222026-02,402,Tirzepatide/Glycine Inj Soln,30mg/0.5mg per mL,2,2.3,260,224,15,,Alyssa Vrana /,PK Batch Log - LOT09222026-02.pdf,Miraxis,09/25/2026,Passed,Lot09222026-02-COA.pdf,9/25/2026,209,,,
9/22/2026,09222026-03,401,Tirzepatide/Cyanocobalamin Inj Soln,30mg/0.5mg per mL,2,2.3,260,250,15,,Alyssa Vrana /,PK batch log - LOT09222026-03.pdf,Miraxis,09/25/2026,Passed,Lot09222026-03-COA.pdf,9/25/2026,235,,,
9/22/2026,09222026-04,401,Tirzepatide/Cyanocobalamin Inj Soln,30mg/0.5mg per mL,2,2.3,260,250,15,,Alyssa Vrana /,PK Batch Log - LOT09222026-04.pdf,Miraxis,09/25/2026,Passed,Lot09222026-04-COA.pdf,9/25/2026,235,,,
9/22/2026,09222026-05,405,Tirzepatide/Cyanocobalamin Inj Soln,15mg/0.5mg per mL,2,2.3,260,250,15,,Alyssa Vrana /,PK Batch Log - LOT09222026-05.pdf,Miraxis,09/25/2026,Passed,Lot092222026-05-COA.pdf,9/25/2026,235,,,
9/22/2026,09222026-06,405,Tirzepatide/Cyanocobalamin Inj Soln,15mg/0.5mg per mL,2,2.3,260,250,15,,Alyssa Vrana /,PK Batch Log - LOT09222026-06.pdf,Miraxis,09/25/2026,Passed,Lot09222026-06-COA.pdf,9/25/2026,235,,,
9/22/2026,09222026-07,400,Tirzepatide/Glycine Inj Soln,5mg/0.5mg per mL,2,2.3,260,234,15,,Alyssa Vrana /,PK Batch Log - LOT09222026-07.pdf,Miraxis,09/25/2026,Passed,Lot09222026-07-COA.pdf,9/25/2026,219,,,
9/22/2026,09222026-08,409,Tirzepatide/Cyanocobalamin Inj Soln,10mg/0.5mg per mL,2,2.3,260,250,15,,Alyssa Vrana /,PK Batch Log - LOT09222026-08.pdf,Miraxis,09/25/2026,Passed,Lot09222026-08-COA.pdf,9/25/2026,235,,,
9/22/2026,09222026-09,409,Tirzepatide/Cyanocobalamin Inj Soln,10mg/0.5mg per mL,2,2.3,260,250,15,,Alyssa Vrana /,PK Batch Log - LOT09222026-09.pdf,Miraxis,09/25/2026,Passed,Lot09222026-09-COA.pdf,9/25/2026,235,,,
9/22/2026,09222026-10,407,Tirzepatide/Cyanocobalamin Inj Soln,20mg/0.5mg per mL,2,2.3,260,250,15,,Alyssa Vrana /,PK batch log - LOT09222026-10.pdf,Miraxis,09/25/2026,Passed,Lot09222026-10-COA.pdf,9/25/2026,235,,,
9/22/2026,09222026-11,409,Tirzepatide/Cyanocobalamin Inj Soln,10mg/0.5mg per mL,2,2.3,260,250,15,,Alyssa Vrana /,PK batch log - LOT09222026-11.pdf,Miraxis,09/25/2026,Passed,Lot09222026-11-COA.pdf,9/25/2026,235,,,
9/22/2026,09222026-12,408,Tirzepatide/Glycine Inj Soln,10mg/0.5mg per mL,2,2.3,260,234,15,,Alyssa Vrana /,PK batch log - LOT09222026-12.pdf,Miraxis,09/25/2026,Passed,Lot09222026-12-COA.pdf,9/25/2026,219,,,
9/22/2026,09222026-13,408,Tirzepatide/Glycine Inj Soln,10mg/0.5mg per mL,2,2.3,260,233,15,,Alyssa Vrana /,PK Batch Log - LOT09222026-13.pdf,Miraxis,09/25/2026,Passed,Lot09222026-13-COA.pdf,9/25/2026,218,,,
9/22/2026,09222026-14,406,Tirzepatide/Glycine Inj Soln,20mg/0.5mg per mL,2,2.3,260,235,15,,Alyssa Vrana /,PK Batch Log - LOT09222026-14.pdf,Miraxis,09/25/2026,Passed,Lot09222026-14-COA.pdf,9/25/2026,220,,,
9/22/2026,09222026-15,407,Tirzepatide/Cyanocobalamin Inj Soln,20mg/0.5mg per mL,2,2.3,260,250,15,,Alyssa Vrana /,PK batch log - LOT09222026-15.pdf,Miraxis,09/25/2026,Passed,Lot09222026-15-COA.pdf,9/25/2026,234,,,
9/22/2026,09222026-16,405,Tirzepatide/Cyanocobalamin Inj Soln,15mg/0.5mg per mL,2,2.3,260,250,15,,Alyssa Vrana /,PK batch log - LOT09222026-16.pdf,Miraxis,09/25/2026,Passed,Lot09222026-16-COA.pdf,9/25/2026,235,,,
9/23/2026,09232026-01,402,Tirzepatide/Glycine Inj Soln,30mg/0.5mg per mL,2,2.3,250,228,15,,Alyssa Vrana /,PK Batch Log - LOT09232026-01.pdf,Miraxis,09/28/2026,Passed,Lot09232026-01-COA.pdf,9/28/2026,213,,,
9/23/2026,09232026-02,402,Tirzepatide/Glycine Inj Soln,30mg/0.5mg per mL,2,2.3,250,230,15,,Alyssa Vrana /,PK Batch Log - LOT09232026-02.pdf,Miraxis,09/28/2026,Passed,Lot09232026-02-COA.pdf,9/28/2026,215,,,
9/23/2026,09232026-03,401,Tirzepatide/Cyanocobalamin Inj Soln,30mg/0.5mg per mL,2,2.3,250,221,15,,Alyssa Vrana /,PK batch log - LOT09232026-03.pdf,Miraxis,09/28/2026,Passed,Lot09232026-03-COA.pdf,9/28/2026,206,,,
9/23/2026,09232026-04,401,Tirzepatide/Cyanocobalamin Inj Soln,30mg/0.5mg per mL,2,2.3,250,221,15,,Alyssa Vrana /,PK batch log - LOT09232026-04.pdf,Miraxis,09/28/2026,Passed,Lot09232026-04-COA.pdf,9/28/2026,206,,,
9/23/2026,09232026-05,405,Tirzepatide/Cyanocobalamin Inj Soln,15mg/0.5mg per mL,2,2.3,250,224,15,,Alyssa Vrana /,PK Batch Log - LOT09232026-05.pdf,Miraxis,09/28/2026,Passed,Lot09232026-05-COA.pdf,9/28/2026,209,,,
9/23/2026,09232026-06,405,Tirzepatide/Cyanocobalamin Inj Soln,15mg/0.5mg per mL,2,2.3,250,240,15,,Alyssa Vrana /,PK batch log - LOT09232026-06.pdf,Miraxis,09/28/2026,Passed,Lot09232026-06-COA.pdf,9/28/2026,225,,,
9/23/2026,09232026-07,409,Tirzepatide/Cyanocobalamin Inj Soln,10mg/0.5mg per mL,2,2.3,250,222,15,,Alyssa Vrana /,PK Batch Log - LOT09232026-07.pdf,Miraxis,09/28/2026,Passed,Lot09232026-07-COA.pdf,9/28/2026,207,,,
9/23/2026,09232026-08,409,Tirzepatide/Cyanocobalamin Inj Soln,10mg/0.5mg per mL,2,2.3,250,227,15,,Alyssa Vrana /,PK batch log - LOT09232026-08.pdf,Miraxis,09/28/2026,Passed,Lot09232026-08-COA.pdf,9/28/2026,212,,,
9/23/2026,09232026-09,407,Tirzepatide/Cyanocobalamin Inj Soln,20mg/0.5mg per mL,2,2.3,250,250,15,,Alyssa Vrana /,PK Batch Log - LOT09232026-09.pdf,Miraxis,09/28/2026,Passed,Lot09232026-09-COA.pdf,9/28/2026,235,,,
9/23/2026,09232026-10,407,Tirzepatide/Cyanocobalamin Inj Soln,20mg/0.5mg per mL,2,2.3,250,250,15,,Alyssa Vrana /,PK Batch Log - LOT09232026-10.pdf,Miraxis,09/28/2026,Passed,Lot09232026-10-COA.pdf,9/28/2026,235,,,
9/23/2026,09232026-11,405,Tirzepatide/Cyanocobalamin Inj Soln,15mg/0.5mg per mL,2,2.3,250,250,15,,Alyssa Vrana /,PK Batch Log - LOT09232026-11.pdf,Miraxis,09/28/2026,Passed,Lot09232026-11-COA.pdf,9/28/2026,235,,,
9/23/2026,09232026-12,404,Tirzepatide/Glycine Inj Soln,15mg/0.5mg per mL,2,2.3,250,214,15,,Alyssa Vrana /,PK batch log - LOT09232026-12.pdf,Miraxis,09/28/2026,Passed,Lot09232026-12-COA.pdf,9/28/2026,199,,,
9/23/2026,09232026-13,407,Tirzepatide/Cyanocobalamin Inj Soln,20mg/0.5mg per mL,2,2.3,250,230,15,,Alyssa Vrana /,PK Batch Log - LOT09232026-13.pdf,Miraxis,09/28/2026,Passed,Lot09232026-13-COA.pdf,9/28/2026,215,,,
9/23/2026,09232026-14,406,Tirzepatide/Glycine Inj Soln,20mg/0.5mg per mL,2,2.3,250,220,15,,Alyssa Vrana /,PK Batch Log - LOT09232026-14.pdf,Miraxis,09/28/2026,Passed,Lot09232026-14-COA.pdf,9/28/2026,205,,,
9/23/2026,09232026-15,405,Tirzepatide/Cyanocobalamin Inj Soln,15mg/0.5mg per mL,2,2.3,250,240,15,,Alyssa Vrana /,PK Batch Log - LOT09232026-15.pdf,Miraxis,09/28/2026,Passed,Lot09232026-15-COA.pdf,9/28/2026,225,,,
9/23/2026,09232026-16,402,Tirzepatide/Glycine Inj Soln,30mg/0.5mg per mL,2,2.3,250,231,15,,Alyssa Vrana /,PK batch log - LOT09232026-16.pdf,Miraxis,09/28/2026,Passed,Lot09232026-16-COA.pdf,9/28/2026,216,,,
9/24/2026,09242026-01,402,Tirzepatide/Glycine Inj Soln,30mg/0.5mg per mL,2,2.3,250,240,15,,Alyssa Vrana /,PK Batch Log - LOT09242026-01.pdf,Miraxis,09/29/2026,Passed,LOT09242026-01 COA,9/29/2026,225,,,
9/24/2026,09242026-02,402,Tirzepatide/Glycine Inj Soln,30mg/0.5mg per mL,2,2.3,250,240,15,,Alyssa Vrana /,PK Batch Log - LOT09242026-02.pdf,Miraxis,09/29/2026,Passed,LOT09242026-02 COA,9/29/2026,225,,,
9/24/2026,09242026-03,401,Tirzepatide/Cyanocobalamin Inj Soln,30mg/0.5mg per mL,2,2.3,250,240,15,,Alyssa Vrana /,PK batch log - LOT09242026-03.pdf,Miraxis,09/29/2026,Passed,LOT09242026-03 COA,9/29/2026,225,,,
9/24/2026,09242026-04,401,Tirzepatide/Cyanocobalamin Inj Soln,30mg/0.5mg per mL,2,2.3,250,240,15,,Alyssa Vrana /,PK Batch Log - LOT09242026-04.pdf,Miraxis,09/29/2026,Passed,LOT09242026-04 COA,9/29/2026,225,,,
9/24/2026,09242026-05,405,Tirzepatide/Cyanocobalamin Inj Soln,15mg/0.5mg per mL,2,2.3,250,226,15,,Alyssa Vrana /,PK Batch Log - LOT09242026-05.pdf,Miraxis,09/29/2026,Passed,LOT09242026-05 COA,9/29/2026,211,,,
9/24/2026,09242026-06,405,Tirzepatide/Cyanocobalamin Inj Soln,15mg/0.5mg per mL,2,2.3,250,240,15,,Alyssa Vrana /,PK batch log - LOT09242026-06.pdf,Miraxis,09/29/2026,Passed,LOT09242026-06 COA,9/29/2026,225,,,
9/24/2026,09242026-07,404,Tirzepatide/Glycine Inj Soln,15mg/0.5mg per mL,2,2.3,250,240,15,,Alyssa Vrana /,PK batch log - LOT09242026-07.pdf,Miraxis,09/29/2026,Passed,LOT09242026-07 COA,9/29/2026,225,,,
9/24/2026,09242026-08,404,Tirzepatide/Glycine Inj Soln,15mg/0.5mg per mL,2,2.3,250,239,15,,Alyssa Vrana /,PK batch log - LOT09242026-08.pdf,Miraxis,09/29/2026,Passed,LOT09242026-08 COA,9/29/2026,224,,,
9/24/2026,09242026-09,404,Tirzepatide/Glycine Inj Soln,15mg/0.5mg per mL,2,2.3,250,240,15,,Alyssa Vrana /,PK Batch Log - LOT09242026-09.pdf,Miraxis,09/29/2026,Passed,LOT09242026-09 COA,9/29/2026,225,,,
9/24/2026,09242026-10,406,Tirzepatide/Glycine Inj Soln,20mg/0.5mg per mL,2,2.3,250,225,15,,Alyssa Vrana /,PK batch log - LOT09242026-10.pdf,Miraxis,09/29/2026,Passed,LOT09242026-10 COA,9/29/2026,210,,,
9/24/2026,09242026-11,411,Tirzepatide/Cyanocobalamin Inj Soln,25mg/0.5mg per mL,2,2.3,250,240,15,,Alyssa Vrana /,PK Batch Log - LOT09242026-11.pdf,Miraxis,09/29/2026,Passed,LOT09242026-11 COA,10/1/2026,224,,,
9/24/2026,09242026-12,410,Tirzepatide/Glycine Inj Soln,25mg/0.5mg per mL,2,2.3,250,240,15,,Alyssa Vrana /,PK Batch Log - LOT09242026-12.pdf,Miraxis,09/29/2026,Passed,LOT09242026-12 COA,9/29/2026,224,,,
9/24/2026,09242026-13,402,Tirzepatide/Glycine Inj Soln,30mg/0.5mg per mL,2,2.3,250,227,15,,Alyssa Vrana /,PK Batch Log - LOT09242026-13.pdf,Miraxis,09/29/2026,Passed,LOT09242026-13 COA,9/29/2026,212,,,
9/24/2026,09242026-14,402,Tirzepatide/Glycine Inj Soln,30mg/0.5mg per mL,2,2.3,250,240,15,,Alyssa Vrana /,PK Batch Log - LOT09242026-14.pdf,Miraxis,09/29/2026,Passed,LOT09242026-14 COA,9/29/2026,225,,,
9/25/2026,09252026-01,405,Tirzepatide/Cyanocobalamin Inj Soln,15mg/0.5mg per mL,2,2.3,250,236,15,Jonathan Toole/Andre Stuart,Helga Jorge/,PK Batch Log - LOT09252026-01.pdf,Miraxis,09/30/2026,Passed,LOT09252026-01 COA,9/30/2026,221,,,
9/25/2026,09252026-02,405,Tirzepatide/Cyanocobalamin Inj Soln,15mg/0.5mg per mL,2,2.3,250,240,15,Jonathan Toole/Andre Stuart,Helga Jorge/,PK Batch Log - LOT09252026-02.pdf,Miraxis,09/30/2026,Passed,LOT09252026-02 COA,10/1/2026,225,,,
9/25/2026,09252026-03,405,Tirzepatide/Cyanocobalamin Inj Soln,15mg/0.5mg per mL,2,2.3,250,240,15,Jonathan Toole/Andre Stuart,Helga Jorge/,PK Batch Log - LOT09252026-03.pdf,Miraxis,09/30/2026,Passed,LOT09252026-03 COA,10/1/2026,225,,,
9/25/2026,09252026-04,405,Tirzepatide/Cyanocobalamin Inj Soln,15mg/0.5mg per mL,2,2.3,250,240,15,Jonathan Toole/Andre Stuart,Helga Jorge/,PK Batch Log - LOT09252026-04.pdf,Miraxis,09/30/2026,Passed,LOT09252026-04 COA,10/1/2026,225,,,
9/25/2026,09252026-05,405,Tirzepatide/Cyanocobalamin Inj Soln,15mg/0.5mg per mL,2,2.3,250,240,15,Jonathan Toole/Andre Stuart,Helga Jorge/,PK Batch Log - LOT09252026-05.pdf,Miraxis,09/30/2026,Passed,LOT09252026-05 COA,10/1/2026,225,,,
9/25/2026,09252026-06,405,Tirzepatide/Cyanocobalamin Inj Soln,15mg/0.5mg per mL,2,2.3,250,240,15,Jonathan Toole/Andre Stuart,Helga Jorge/,PK batch log - LOT09252026-06.pdf,Miraxis,09/30/2026,Passed,LOT09252026-06 COA,10/1/2026,225,,,
9/25/2026,09252026-07,405,Tirzepatide/Cyanocobalamin Inj Soln,15mg/0.5mg per mL,2,2.3,250,240,15,Jonathan Toole/Andre Stuart,Helga Jorge/,PK Batch Log - LOT09252026-07.pdf,Miraxis,09/30/2026,Passed,LOT09252026-07 COA,10/1/2026,225,,,
9/25/2026,09252026-08,405,Tirzepatide/Cyanocobalamin Inj Soln,15mg/0.5mg per mL,2,2.3,250,240,15,Jonathan Toole/Andre Stuart,Helga Jorge/,PK Batch Log - LOT09252026-08.pdf,Miraxis,09/30/2026,Passed,LOT09252026-08 COA,10/1/2026,225,,,
9/25/2026,09252026-09,405,Tirzepatide/Cyanocobalamin Inj Soln,15mg/0.5mg per mL,2,2.3,250,240,15,Jonathan Toole/Andre Stuart,Helga Jorge/,PK batch log - LOT09252026-09.pdf,Miraxis,09/30/2026,Passed,LOT09252026-09 COA,10/1/2026,205,,,
9/25/2026,09252026-10,405,Tirzepatide/Cyanocobalamin Inj Soln,15mg/0.5mg per mL,2,2.3,250,240,15,Jonathan Toole/Andre Stuart,Helga Jorge/,PK Batch Log - LOT09252026-10.pdf,Miraxis,09/30/2026,Passed,LOT09252026-10 COA,10/1/2026,222,,,
9/28/2026,09282026-01,411,Tirzepatide/Cyanocobalamin Inj Soln,25mg/0.5mg per mL,2,2.3,250,237,15,Devin Phillips/ Alan Torralbo,Alyssa Vrana /,PK Batch Log - LOT09282026-01.pdf,Miraxis,09/30/2026,Passed,LOT09282026-01 COA,10/1/2026,222,,,
9/28/2026,09282026-02,411,Tirzepatide/Cyanocobalamin Inj Soln,25mg/0.5mg per mL,2,2.3,250,232,15,Devin Phillips/ Alan Torralbo,Alyssa Vrana /,PK batch log - LOT09282026-02.pdf,Miraxis,09/30/2026,Passed,LOT09282026-02 COA,10/1/2026,217,,,
9/28/2026,09282026-03,410,Tirzepatide/Glycine Inj Soln,25mg/0.5mg per mL,2,2.3,250,240,15,Devin Phillips/ Alan Torralbo,Alyssa Vrana /,PK Batch Log - LOT09282026-03.pdf,Miraxis,09/30/2026,Passed,LOT09282026-03 COA,10/1/2026,225,,,
9/28/2026,09282026-04,410,Tirzepatide/Glycine Inj Soln,25mg/0.5mg per mL,2,2.3,250,235,15,Devin Phillips/ Alan Torralbo,Alyssa Vrana /,PK Batch Log - LOT09282026-04.pdf,Miraxis,09/30/2026,Passed,LOT09282026-04 COA,10/1/2026,221,,,
9/28/2026,09282026-05,402,Tirzepatide/Glycine Inj Soln,30mg/0.5mg per mL,2,2.3,250,239,15,Devin Phillips/ Alan Torralbo,Alyssa Vrana /,PK Batch Log - LOT09282026-05.pdf,Miraxis,09/30/2026,Passed,LOT09282026-05 COA,10/1/2026,224,,,
9/28/2026,09282026-06,402,Tirzepatide/Glycine Inj Soln,30mg/0.5mg per mL,2,2.3,250,236,15,Devin Phillips/ Alan Torralbo,Alyssa Vrana /,PK Batch Log - LOT09282026-06.pdf,Miraxis,09/30/2026,Passed,LOT09282026-06 COA,10/1/2026,221,,,
9/29/2026,09292026-01,409,Tirzepatide/Glycine Inj Soln,15mg/0.5mg per mL,2,2.3,250,240,15,Devin Phillips/ Alan Torralbo,Alyssa Vrana /,PK Batch Log - LOT09292026-01.pdf,Miraxis,09/30/2026,Passed,LOT09292026-01 COA,10/1/2026,225,,,
9/29/2026,09292026-02,409,Tirzepatide/Glycine Inj Soln,15mg/0.5mg per mL,2,2.3,250,239,15,Devin Phillips/ Alan Torralbo,Alyssa Vrana /,PK Batch Log - LOT09292026-02.pdf,Miraxis,09/30/2026,Passed,LOT09292026-02 COA,10/1/2026,224,,,
9/29/2026,09292026-03,405,Tirzepatide/Cyanocobalamin Inj Soln,15mg/0.5mg per mL,2,2.3,250,240,15,Devin Phillips/ Alan Torralbo,Helga Jorge/,PK batch log - LOT09292026-03.pdf,Miraxis,10/01/2026,Passed,LOT09292026-03 COA,10/2/2026,225,,,
9/29/2026,09292026-04,405,Tirzepatide/Cyanocobalamin Inj Soln,15mg/0.5mg per mL,2,2.3,250,240,15,Devin Phillips/ Alan Torralbo,Helga Jorge/,PK Batch Log - LOT09292026-04.pdf,Miraxis,10/01/2026,Passed,LOT09292026-04 COA,10/2/2026,225,,,
9/29/2026,09292026-05,407,Tirzepatide/Cyanocobalamin Inj Soln,20mg/0.5mg per mL,2,2.3,250,240,15,Devin Phillips/ Alan Torralbo,Helga Jorge/,PK Batch Log - LOT09292026-05.pdf,Miraxis,10/01/2026,Passed,LOT09292026-05 COA,10/2/2026,224,,,
9/29/2026,09292026-06,407,Tirzepatide/Cyanocobalamin Inj Soln,20mg/0.5mg per mL,2,2.3,250,240,15,Devin Phillips/ Alan Torralbo,Helga Jorge/,PK Batch Log - LOT09292026-06.pdf,Miraxis,10/01/2026,Passed,LOT09292026-06 COA,10/2/2026,225,,,
9/29/2026,09292026-07,407,Tirzepatide/Cyanocobalamin Inj Soln,20mg/0.5mg per mL,2,2.3,250,240,15,Devin Phillips/ Alan Torralbo,Helga Jorge/,PK Batch Log - LOT09292026-07.pdf,Miraxis,10/01/2026,Passed,LOT09292026-07 COA,10/1/2026,225,,,
9/29/2026,09292026-08,407,Tirzepatide/Cyanocobalamin Inj Soln,20mg/0.5mg per mL,2,2.3,250,240,15,Devin Phillips/ Alan Torralbo,Helga Jorge/,PK Batch Log - LOT09292026-08.pdf,Miraxis,10/01/2026,Passed,LOT09292026-08 COA,10/1/2026,223,,,
9/29/2026,09292026-09,406,Tirzepatide/Glycine Inj Soln,20mg/0.5mg per mL,2,2.3,250,235,15,Devin Phillips/ Alan Torralbo,Helga Jorge/,PK Batch Log - LOT09292026-09.pdf,Miraxis,10/01/2026,Passed,LOT09292026-09 COA,10/1/2026,208,,,
9/29/2026,09292026-10,406,Tirzepatide/Glycine Inj Soln,20mg/0.5mg per mL,2,2.3,250,240,15,Devin Phillips/ Alan Torralbo,Helga Jorge/,PK Batch Log - LOT09292026-10.pdf,Miraxis,10/01/2026,Passed,LOT09292026-10 COA,10/1/2026,225,,,
9/30/2026,09302026-01,401,Tirzepatide/Cyanocobalamin Inj Soln,30mg/0.5mg per mL,2,2.3,250,240,15,Devin Phillips/ Alan Torralbo,Helga Jorge/,,Miraxis,10/02/2026,Passed,LOT09302026-01 COA,10/3/2026,225,,,
9/30/2026,09302026-02,401,Tirzepatide/Cyanocobalamin Inj Soln,30mg/0.5mg per mL,2,2.3,250,240,15,Devin Phillips/ Alan Torralbo,Helga Jorge/,,Miraxis,10/02/2026,Passed,LOT09302026-02 COA,10/3/2026,225,,,
9/30/2026,09302026-03,402,Tirzepatide/Glycine Inj Soln,30mg/0.5mg per mL,2,2.3,250,240,15,Devin Phillips/ Alan Torralbo,Helga Jorge/,,Miraxis,10/02/2026,Passed,LOT09302026-03 COA,10/3/2026,225,,,
9/30/2026,09302026-04,402,Tirzepatide/Glycine Inj Soln,30mg/0.5mg per mL,2,2.3,250,240,15,Devin Phillips/ Alan Torralbo,Helga Jorge/,,Miraxis,10/02/2026,Passed,LOT09302026-04 COA,10/3/2026,225,,,
9/30/2026,09302026-05,402,Tirzepatide/Glycine Inj Soln,30mg/0.5mg per mL,2,2.3,250,240,15,Devin Phillips/ Alan Torralbo,Helga Jorge/,,Miraxis,10/02/2026,Passed,LOT09302026-05 COA,10/3/2026,225,,,
9/30/2026,09302026-06,402,Tirzepatide/Glycine Inj Soln,30mg/0.5mg per mL,2,2.3,250,240,15,Devin Phillips/ Alan Torralbo,Helga Jorge/,,Miraxis,10/02/2026,Passed,LOT09302026-06 COA,10/3/2026,225,,,
9/30/2026,09302026-07,416,Tirzepatide/Niacinamide/Depanthenol,10mg/5mg/10mg per mL,1,1.3,100,96,0,Carlos Alvarez/ Jonathan Toole,Brian Smith/,,Miraxis,10/02/2026,Failed,LOT09302026-07 COA,10/3/2026,0,,,
9/30/2026,09302026-07,417,Tirzepatide/Niacinamide/Depanthenol,10mg/5mg/10mg per mL,2,2.3,100,96,0,Carlos Alvarez/ Jonathan Toole,Brian Smith/,,Miraxis,10/02/2026,Failed,LOT09302026-07 COA,10/3/2026,0,,,
9/30/2026,09302026-07,418,Tirzepatide/Niacinamide/Depanthenol,10mg/5mg/10mg per mL,3,3.3,62,58,13,Carlos Alvarez/ Jonathan Toole,Brian Smith/,,Miraxis,10/02/2026,Failed,LOT09302026-07 COA,10/3/2026,0,,,
9/30/2026,09302026-08,420,Tirzepatide/Niacinamide/Depanthenol,20mg/5mg/10mg per mL,2,2.3,100,96,0,Carlos Alvarez/ Jonathan Toole,Brian Smith/,,Miraxis,10/02/2026,Failed,LOT09302026-08 COA,10/3/2026,0,,,
9/30/2026,09302026-08,421,Tirzepatide/Niacinamide/Depanthenol,20mg/5mg/10mg per mL,2.5,2.8,100,96,0,Carlos Alvarez/ Jonathan Toole,Brian Smith/,,Miraxis,10/02/2026,Failed,LOT09302026-08 COA,10/3/2026,0,,,
9/30/2026,09302026-08,419,Tirzepatide/Niacinamide/Depanthenol,20mg/5mg/10mg per mL,3,3.3,62,58,13,Carlos Alvarez/ Jonathan Toole,Brian Smith/,,Miraxis,10/02/2026,Failed,LOT09302026-08 COA,10/3/2026,0,,,
10/1/2026,10012026-01,405,Tirzepatide/Cyanocobalamin Inj Soln,15mg/0.5mg per mL,2,2.3,250,240,15,Jett Serrano/ Andre Stuart,Helga Jorge/,,Miraxis,10/03/2026,Pending,,,225,,,
10/1/2026,10012026-02,405,Tirzepatide/Cyanocobalamin Inj Soln,15mg/0.5mg per mL,2,2.3,250,235,15,Jett Serrano/ Andre Stuart,Helga Jorge/,,Miraxis,10/03/2026,Pending,,,220,,,
10/1/2026,10012026-03,405,Tirzepatide/Cyanocobalamin Inj Soln,15mg/0.5mg per mL,2,2.3,250,240,15,Jett Serrano/ Andre Stuart,Helga Jorge/,,Miraxis,10/03/2026,Pending,,,225,,,
10/1/2026,10012026-04,405,Tirzepatide/Cyanocobalamin Inj Soln,15mg/0.5mg per mL,2,2.3,250,240,15,Jett Serrano/ Andre Stuart,Helga Jorge/,,Miraxis,10/03/2026,Pending,,,225,,,
10/1/2026,10012026-05,434,Semaglutide/Cyanocobalamin Inj Soln,1mg/0.5mg per mL,1,1.3,270,240,240,Jett Serrano/ Andre Stuart,Helga Jorge/,,Miraxis,10/03/2026,Pending,,Method Suitability ,N/A,,,
10/1/2026,10012026-06,394,Semaglutide/Cyanocobalamin Inj Soln,10mg/0.5mg per mL,1,1.3,270,240,240,Jett Serrano/ Andre Stuart,Helga Jorge/,,Miraxis,10/03/2026,Pending,,Method Suitability ,N/A,,,
10/1/2026,10012026-07,433,Semaglutide/Glycine Inj Soln,1mg/0.5mg per mL,1,1.3,270,240,240,Jett Serrano/ Andre Stuart,Helga Jorge/,,Miraxis,10/03/2026,Pending,,Method Suitability ,N/A,,,
10/1/2026,10012026-08,397,Semaglutide/Glycine Inj Soln,10mg/0.5mg per mL,1,1.3,270,240,240,Jett Serrano/ Andre Stuart,Helga Jorge/,,Miraxis,10/03/2026,Pending,,Method Suitability ,N/A,,,
10/1/2026,10012026-09,434,Semaglutide/Cyanocobalamin Inj Soln,1mg/0.5mg per mL,1,1.3,270,240,15,Jett Serrano/ Andre Stuart,Helga Jorge/,,Miraxis,10/03/2026,Pending,,,225,,,
10/2/2026,10022026-01,405,Tirzepatide/Cyanocobalamin Inj Soln,15mg/0.5mg per mL,2,2.3,250,240,15,Jett Serrano/ Andre Stuart,Helga Jorge/,,Miraxis,10/07/2026,Pending,,,225,,,
10/2/2026,10022026-02,405,Tirzepatide/Cyanocobalamin Inj Soln,15mg/0.5mg per mL,2,2.3,250,240,15,Jett Serrano/ Andre Stuart,Helga Jorge/,,Miraxis,10/07/2026,Pending,,,225,,,
10/2/2026,10022026-03,405,Tirzepatide/Cyanocobalamin Inj Soln,15mg/0.5mg per mL,2,2.3,250,240,15,Jett Serrano/ Andre Stuart,Helga Jorge/,,Miraxis,10/07/2026,Pending,,,225,,,
10/2/2026,10022026-04,411,Tirzepatide/Cyanocobalamin Inj Soln,25mg/0.5mg per mL,2,2.3,250,240,15,Jett Serrano/ Andre Stuart,Helga Jorge/,,Miraxis,10/07/2026,Pending,,,225,,,
10/2/2026,10022026-05,411,Tirzepatide/Cyanocobalamin Inj Soln,25mg/0.5mg per mL,2,2.3,250,240,15,Jett Serrano/ Andre Stuart,Helga Jorge/,,Miraxis,10/07/2026,Pending,,,225,,,
10/2/2026,10022026-06,416,Tirzepatide/Niacinamide/Depanthenol,10mg/5mg/10mg per mL,1,1.3,100,96,0,Jett Serrano/ Andre Stuart,Brian Smith/,,Miraxis,10/07/2026,Pending,,,235,,,
10/2/2026,10022026-06,417,Tirzepatide/Niacinamide/Depanthenol,10mg/5mg/10mg per mL,2,2.3,100,95,0,Jett Serrano/ Andre Stuart,Brian Smith/,,Miraxis,10/07/2026,Pending,,,232,,,
10/2/2026,10022026-06,418,Tirzepatide/Niacinamide/Depanthenol,10mg/5mg/10mg per mL,3,3.3,62,58,13,Jett Serrano/ Andre Stuart,Brian Smith/,,Miraxis,10/07/2026,Pending,,,236,,,
10/2/2026,10022026-07,420,Tirzepatide/Niacinamide/Depanthenol,20mg/5mg/10mg per mL,2,2.3,100,96,0,Jett Serrano/ Andre Stuart,Brian Smith/,,Miraxis,10/07/2026,Pending,,,,,,
10/2/2026,10022026-07,421,Tirzepatide/Niacinamide/Depanthenol,20mg/5mg/10mg per mL,2.5,2.8,100,96,0,Jett Serrano/ Andre Stuart,Brian Smith/,,Miraxis,10/07/2026,Pending,,,,,,
10/2/2026,10022026-07,419,Tirzepatide/Niacinamide/Depanthenol,20mg/5mg/10mg per mL,3,3.3,62,53,13,Jett Serrano/ Andre Stuart,Brian Smith/,,Miraxis,10/07/2026,Pending,,,,,,
10/2/2026,10022026-08,423,Semaglutide/Niacinamide/Depanthenol,2.5mg/5mg/10mg per mL,1,1.3,100,95,0,Jett Serrano/ Andre Stuart,Brian Smith/,,Miraxis,10/07/2026,Pending,,,,,,
10/2/2026,10022026-08,425,Semaglutide/Niacinamide/Depanthenol,2.5mg/5mg/10mg per mL,2,2.3,100,96,0,Jett Serrano/ Andre Stuart,Brian Smith/,,Miraxis,10/07/2026,Pending,,,,,,
10/2/2026,10022026-08,422,Semaglutide/Niacinamide/Depanthenol,2.5mg/5mg/10mg per mL,3,3.3,62,58,13,Jett Serrano/ Andre Stuart,Brian Smith/,,Miraxis,10/07/2026,Pending,,,,,,
10/5/2026,10052026-01,402,Tirzepatide/Glycine Inj Soln,30mg/0.5mg per mL,2,2.3,250,236,15,Jett Serrano/ ,Helga Jorge/,,Miraxis,10/07/2026,Pending,,,,,,
10/5/2026,10052026-02,402,Tirzepatide/Glycine Inj Soln,30mg/0.5mg per mL,2,2.3,250,240,15,Jett Serrano/ ,Helga Jorge/,,Miraxis,10/07/2026,Pending,,,,,,
10/5/2026,10052026-03,402,Tirzepatide/Glycine Inj Soln,30mg/0.5mg per mL,2,2.3,250,240,15,Jett Serrano/ ,Helga Jorge/,,Miraxis,10/07/2026,Pending,,,,,,
10/5/2026,10052026-04,402,Tirzepatide/Glycine Inj Soln,30mg/0.5mg per mL,2,2.3,250,240,15,Jett Serrano/ ,Helga Jorge/,,Miraxis,10/07/2026,Pending,,,,,,
10/5/2026,10052026-05,401,Tirzepatide/Cyanocobalamin Inj Soln,30mg/0.5mg per mL,2,2.3,250,240,15,Jett Serrano/ ,Helga Jorge/,,Miraxis,10/07/2026,Pending,,,,,,
10/5/2026,10052026-06,401,Tirzepatide/Cyanocobalamin Inj Soln,30mg/0.5mg per mL,2,2.3,250,240,15,Jett Serrano/ ,Helga Jorge/,,Miraxis,10/07/2026,Pending,,,,,,
10/5/2026,10052026-07,401,Tirzepatide/Cyanocobalamin Inj Soln,30mg/0.5mg per mL,2,2.3,250,239,15,Jett Serrano/ ,Helga Jorge/,,Miraxis,10/07/2026,Pending,,,,,,
10/5/2026,10052026-08,401,Tirzepatide/Cyanocobalamin Inj Soln,30mg/0.5mg per mL,2,2.3,250,240,15,Jett Serrano/ ,Helga Jorge/,,Miraxis,10/07/2026,Pending,,,,,,
10/5/2026,10052026-09,416,Tirzepatide/Niacinamide/Dexpanthenol  Inj Soln,10mg/5mg/10mg per mL,1,1.3,260,250,15,Jett Serrano/ ,Helga Jorge/,,Miraxis,10/07/2026,Pending,,,,,,
10/5/2026,10052026-10,416,Tirzepatide/Niacinamide/Dexpanthenol  Inj Soln,10mg/5mg/10mg per mL,1,1.3,260,250,15,Jett Serrano/ ,Helga Jorge/,,Miraxis,10/07/2026,Pending,,,,,,
10/6/2026,10062026-01,410,Tirzepatide/Glycine Inj Soln,25mg/0.5mg per mL,2,2.3,250,240,15,Jett Serrano/ ,Helga Jorge/,,Miraxis,10/08/2026,Pending,,,,,,
10/6/2026,10062026-02,410,Tirzepatide/Glycine Inj Soln,25mg/0.5mg per mL,2,2.3,250,240,15,Jett Serrano/ ,Helga Jorge/,,Miraxis,10/08/2026,Pending,,,,,,
10/6/2026,10062026-03,411,Tirzepatide/Cyanocobalamin Inj Soln,25mg/0.5mg per mL,2,2.3,250,240,15,Jett Serrano/ ,Helga Jorge/,,Miraxis,10/08/2026,Pending,,,,,,
10/6/2026,10062026-04,411,Tirzepatide/Cyanocobalamin Inj Soln,25mg/0.5mg per mL,2,2.3,250,240,15,Jett Serrano/ ,Helga Jorge/,,Miraxis,10/08/2026,Pending,,,,,,
10/6/2026,10062026-05,398,Tirzepatide/Cyanocobalamin Inj Soln,5mg/0.5mg per mL,2,2.3,250,240,15,Jett Serrano/ ,Helga Jorge/,,Miraxis,10/08/2026,Pending,,,,,,
10/6/2026,10062026-06,398,Tirzepatide/Cyanocobalamin Inj Soln,5mg/0.5mg per mL,2,2.3,250,240,15,Jett Serrano/ ,Helga Jorge/,,Miraxis,10/08/2026,Pending,,,,,,
10/6/2026,10062026-07,407,Tirzepatide/Cyanocobalamin Inj Soln,20mg/0.5mg per mL,2,2.3,250,240,15,Jett Serrano/ ,Helga Jorge/,,Miraxis,10/08/2026,Pending,,,,,,
10/6/2026,10062026-08,400,Tirzepatide/Glycine Inj Soln,5mg/0.5mg per mL,2,2.3,250,235,15,Jett Serrano/ ,Helga Jorge/,,Miraxis,10/08/2026,Pending,,,,,,
10/6/2026,10062026-09,405,Tirzepatide/Cyanocobalamin Inj Soln,15mg/0.5mg per mL,2,2.3,250,240,15,Jett Serrano/ ,Helga Jorge/,,Miraxis,10/08/2026,Pending,,,,,,
10/6/2026,10062026-10,405,Tirzepatide/Cyanocobalamin Inj Soln,15mg/0.5mg per mL,2,2.3,250,240,15,Jett Serrano/ ,Helga Jorge/,,Miraxis,10/08/2026,Pending,,,,,,
10/6/2026,10062026-11,405,Tirzepatide/Cyanocobalamin Inj Soln,15mg/0.5mg per mL,2,2.3,250,240,15,Jett Serrano/ ,Helga Jorge/,,Miraxis,10/08/2026,Pending,,,,,,
10/6/2026,10062026-12,405,Tirzepatide/Cyanocobalamin Inj Soln,15mg/0.5mg per mL,2,2.3,250,240,15,Jett Serrano/ ,Helga Jorge/,,Miraxis,10/08/2026,Pending,,,,,,
10/6/2026,10062026-13,401,Tirzepatide/Cyanocobalamin Inj Soln,30mg/0.5mg per mL,2,2.3,250,240,15,Jett Serrano/ ,Helga Jorge/,,Miraxis,10/08/2026,Pending,,,,,,
10/6/2026,10062026-14,401,Tirzepatide/Cyanocobalamin Inj Soln,30mg/0.5mg per mL,2,2.3,250,240,15,Jett Serrano/ ,Helga Jorge/,,Miraxis,10/08/2026,Pending,,,,,,
10/6/2026,10062026-15,426,Semaglutide/Niacinamide/Dexpanthenol,2.5mg/5mg/10mg per mL,4,4.3,260,238,15,Jett Serrano/ ,Helga Jorge/,,Miraxis,10/09/2026,Pending,,,,,,
10/6/2026,10062026-16,443,Semaglutide/Niacinamide/Dexpanthenol,2.5mg/5mg/10mg per mL,2.5,2.8,260,250,15,Jett Serrano/ ,Helga Jorge/,,Miraxis,10/09/2026,Pending,,,,,,
10/7/2026,10072026-01,400,Tirzepatide/Glycine Inj Soln,5mg/0.5mg per mL,2,2.3,250,,15,Jett Serrano/ ,Helga Jorge/,,Miraxis,10/09/2026,,,,,,,
10/7/2026,10072026-02,409,Tirzepatide/Cyanocobalamin Inj Soln,10mg/0.5mg per mL,2,2.3,250,,15,Jett Serrano/ ,Helga Jorge/,,Miraxis,10/09/2026,,,,,,,
10/7/2026,10072026-03,409,Tirzepatide/Cyanocobalamin Inj Soln,10mg/0.5mg per mL,2,2.3,250,,15,Jett Serrano/ ,Helga Jorge/,,Miraxis,10/09/2026,,,,,,,
10/7/2026,10072026-04,409,Tirzepatide/Cyanocobalamin Inj Soln,10mg/0.5mg per mL,2,2.3,250,,15,Jett Serrano/ ,Helga Jorge/,,Miraxis,10/09/2026,,,,,,,
10/7/2026,10072026-05,407,Tirzepatide/Cyanocobalamin Inj Soln,20mg/0.5mg per mL,2,2.3,250,,15,Jett Serrano/ ,Helga Jorge/,,Miraxis,10/09/2026,,,,,,,
10/7/2026,10072026-06,408,Tirzepatide/Glycine Inj Soln,10mg/0.5mg per mL,2,2.3,250,,15,Jett Serrano/ ,Helga Jorge/,,Miraxis,10/09/2026,,,,,,,
10/7/2026,10072026-07,408,Tirzepatide/Glycine Inj Soln,10mg/0.5mg per mL,2,2.3,250,,15,Jett Serrano/ ,Helga Jorge/,,Miraxis,10/09/2026,,,,,,,
10/7/2026,10072026-08,406,Tirzepatide/Glycine Inj Soln,20mg/0.5mg per mL,2,2.3,250,,15,Jett Serrano/ ,Helga Jorge/,,Miraxis,10/09/2026,,,,,,,
10/7/2026,10072026-09,407,Tirzepatide/Cyanocobalamin Inj Soln,20mg/0.5mg per mL,2,2.3,250,,15,Jett Serrano/ ,Helga Jorge/,,Miraxis,10/09/2026,,,,,,,
10/7/2026,10072026-10,404,Tirzepatide/Glycine Inj Soln,15mg/0.5mg per mL,2,2.3,250,,15,Jett Serrano/ ,Helga Jorge/,,Miraxis,10/09/2026,,,,,,,
10/7/2026,10072026-11,402,Tirzepatide/Glycine Inj Soln,30mg/0.5mg per mL,2,2.3,250,,15,Jett Serrano/ ,Helga Jorge/,,Miraxis,10/09/2026,,,,,,,
10/7/2026,10072026-12,402,Tirzepatide/Glycine Inj Soln,30mg/0.5mg per mL,2,2.3,250,,15,Jett Serrano/ ,Helga Jorge/,,Miraxis,10/09/2026,,,,,,,
10/7/2026,10072026-13,401,Tirzepatide/Cyanocobalamin Inj Soln,30mg/0.5mg per mL,2,2.3,250,,15,Jett Serrano/ ,Helga Jorge/,,Miraxis,10/09/2026,,,,,,,
10/7/2026,10072026-14,401,Tirzepatide/Cyanocobalamin Inj Soln,30mg/0.5mg per mL,2,2.3,250,,15,Jett Serrano/ ,Helga Jorge/,,Miraxis,10/09/2026,,,,,,,
10/7/2026,10072026-15,444,Semaglutide/Niacinamide/Dexpanthenol,2.5mg/5mg/10mg per mL,1.5,1.8,260,,15,Jett Serrano/ ,Helga Jorge/,,Miraxis,10/09/2026,,,,,,,
10/7/2026,10072026-16,446,Semaglutide/Niacinamide/Dexpanthenol,2.5mg/5mg/10mg per mL,3.5,3.8,260,,15,Jett Serrano/ ,Helga Jorge/,,Miraxis,10/09/2026,,,,,,,